Track ID,Track Name,Album Name,Artist Name(s),Release Date,Duration (ms),Popularity,Added By,Added At,Genres,Record Label,Danceability,Energy,Key,Loudness,Mode,Speechiness,Acousticness,Instrumentalness,Liveness,Valence,Tempo,Time Signature
5Eg4TsPcqNbIjd8ADMZosg,"Chains","Nick Jonas X2","Nick Jonas",2015-11-20,203106,55,95fvnclitpzdbgd83xcozdsk2,2024-11-29T00:19:04Z,"dance pop,pop","Safehouse Records / Island Records",0.591,0.611,0,-5.884,0,0.0454,0.0153,0,0.0757,0.12,76.003,4
3V3iy4K6paycRmTyrjQVwi,"Secrets","Heart On My Sleeve (Deluxe)","Mary Lambert",2014-10-14,223405,39,95fvnclitpzdbgd83xcozdsk2,2024-11-29T00:19:04Z,"neo mellow","Capitol Records (CAP)",0.789,0.555,0,-5.9,1,0.041,0.026,0.000135,0.215,0.713,93.229,4
2f0GI2ZLUtbGqFx8t2Gk6A,"I Know Places (Taylor's Version)","1989 (Taylor's Version)","Taylor Swift",2023-10-26,195700,63,95fvnclitpzdbgd83xcozdsk2,2024-11-29T00:19:04Z,"pop","Taylor Swift",0.572,0.807,0,-5.348,1,0.0574,0.0846,0,0.071,0.626,160.015,4
2Od3Imc5PJeZhRPeIhpgN6,"Delta 1406","31 Minutes to Takeoff","Mike Posner",2010-08-09,184546,19,95fvnclitpzdbgd83xcozdsk2,2024-11-29T00:19:04Z,"dance pop,pop,pop dance,pop rap","J Records",0.688,0.616,1,-7.334,1,0.0451,0.0138,0.000461,0.121,0.205,87.043,4
5hw1uOFZK3odNqXa4sF2JZ,"Stay With Me - Re-record","In The Lonely Hour (10th Anniversary Edition / Deluxe)","Sam Smith",2024-08-30,172760,38,95fvnclitpzdbgd83xcozdsk2,2024-11-29T00:19:04Z,"pop,uk pop","PLG - Capitol",0.515,0.41,0,-7.121,1,0.0411,0.555,0.0000408,0.103,0.246,84.837,4
45B31c6tSg5Zw7PuF1WbEt,"Without Those Songs","No Sound Without Silence","The Script",2014-09-15,226293,34,95fvnclitpzdbgd83xcozdsk2,2024-11-29T00:19:04Z,"celtic rock,pop","Columbia",0.481,0.524,7,-7.035,1,0.0302,0.0315,0.00000108,0.235,0.162,76.082,4
2dRvMEW4EwySxRUtEamSfG,"The Heart Wants What It Wants","For You","Selena Gomez",2014-11-21,227360,55,95fvnclitpzdbgd83xcozdsk2,2024-11-29T00:19:04Z,"pop,post-teen pop","Hollywood Records",0.616,0.789,7,-4.874,0,0.0377,0.053,0,0.142,0.621,83.066,4
0QXSKayRWtfxMKHJxVurkZ,"Rebel Beat","Magnetic (Deluxe Version)","The Goo Goo Dolls",2013-06-07,214720,31,95fvnclitpzdbgd83xcozdsk2,2024-11-29T00:19:04Z,"neo mellow,permanent wave,pop rock,post-grunge","Warner Records",0.493,0.879,6,-4.029,1,0.0326,0.00852,0,0.253,0.63,177.937,4
6GmUVqe73u5YRfUUynZK6I,"Let Her Go","All the Little Lights","Passenger",2012-06-29,252733,0,95fvnclitpzdbgd83xcozdsk2,2024-11-29T00:19:04Z,"folk-pop,neo mellow","Nettwerk Records",0.479,0.545,7,-7.346,1,0.0688,0.365,0,0.0963,0.244,74.897,4
0FMjqbY3aWo1QDbo3GwXib,"Always in My Head","Ghost Stories","Coldplay",2014-05-16,216626,63,95fvnclitpzdbgd83xcozdsk2,2024-11-29T00:19:04Z,"permanent wave,pop","Parlophone UK",0.495,0.502,5,-9.307,1,0.0259,0.0127,0.689,0.068,0.0394,97.546,3
3L08akAE8Fweu2Hnw8ZMJ4,"Forgot to Laugh","Hello My Name Is...","Bridgit Mendler",2012-01-01,189920,40,95fvnclitpzdbgd83xcozdsk2,2024-11-29T00:19:04Z,"pop,post-teen pop","Hollywood Records",0.572,0.803,5,-4.088,1,0.0696,0.0126,0.000123,0.168,0.747,181.972,4
0ctOamnBE7fk0A3xBAMxTh,"3am","Title (Deluxe)","Meghan Trainor",2015-01-09,185200,45,95fvnclitpzdbgd83xcozdsk2,2024-11-29T00:19:04Z,"hip pop,pop","Epic",0.825,0.69,2,-5.967,1,0.0967,0.031,0.000401,0.0798,0.675,170.061,4
2ByBBvpR9b7IynvRmnG7kG,"Clean (Taylor's Version)","1989 (Taylor's Version)","Taylor Swift",2023-10-26,271000,69,95fvnclitpzdbgd83xcozdsk2,2024-11-29T00:19:04Z,"pop","Taylor Swift",0.782,0.379,4,-8.964,1,0.0303,0.297,0.0000298,0.103,0.267,103.99,4
4I0amJaOtCxAFGwXqIywWZ,"Hope You Got What You Came For","Never Been Better (Expanded Edition)","Olly Murs",2014-11-24,205884,23,95fvnclitpzdbgd83xcozdsk2,2024-11-29T00:19:04Z,"dance pop,pop,talent show,uk pop","Epic",0.575,0.652,11,-7.112,0,0.0353,0.302,0,0.129,0.203,134.861,4
1leXuBiWQMgbvOIIedqbLB,"Kangaroo Court","In A Tidal Wave Of Mystery (Deluxe Edition)","Capital Cities",2013,223186,31,95fvnclitpzdbgd83xcozdsk2,2024-11-29T00:19:04Z,"metropopolis,modern rock","Capital Cities",0.76,0.579,5,-5.079,0,0.0388,0.00715,0.000679,0.0304,0.975,99.979,4
7g7Wxqx3rZeW3h9Wd9Hvdx,"Hold Tight","Rebel Heart (Deluxe)","Madonna",2015-03-06,217400,0,95fvnclitpzdbgd83xcozdsk2,2024-11-29T00:19:04Z,"dance pop,pop","Interscope",0.66,0.726,6,-6.497,0,0.0515,0.00386,0.0226,0.492,0.311,126.673,5
5HECcy1xFIH8RbCG813DgD,"Team","Team","Iggy Azalea",2016-03-18,209520,25,95fvnclitpzdbgd83xcozdsk2,2024-11-29T00:19:04Z,"australian hip hop,dance pop,pop","Def Jam Recordings",0.89,0.688,4,-4.861,1,0.069,0.052,0.00000124,0.252,0.216,100.023,4
01DSvNTUsVROjnSF5j3UbD,"Try","The Truth About Love","P!nk",2012-09-14,247906,0,95fvnclitpzdbgd83xcozdsk2,2024-11-29T00:19:04Z,"dance pop,pop","RCA Records Label",0.673,0.629,2,-7.072,1,0.0299,0.00141,0,0.0944,0.551,103.998,4
0BQypWN2REbB7nDCxOFA00,"Save My Soul","III.","JoJo",2015-08-21,224848,35,95fvnclitpzdbgd83xcozdsk2,2024-11-29T00:19:04Z,"dance pop,pop,post-teen pop","Atlantic Records",0.406,0.638,9,-6.085,0,0.13,0.0637,0,0.107,0.406,177.916,4
5qRRiqndqXaq2QBudIrkYU,"Dirty Laundry","Storyteller","Carrie Underwood",2015-10-23,204093,54,95fvnclitpzdbgd83xcozdsk2,2024-11-29T00:19:04Z,"classic oklahoma country,contemporary country,country,country dawn,dance pop,pop","19 Recordings Limited / Arista Nashville",0.456,0.874,10,-4.129,0,0.114,0.0595,0.0000112,0.111,0.5,200.179,4
2Oa8Qqhn4NfZRuDY9UM1JN,"How Long","Dirt Femme","Tove Lo",2022-10-14,198260,0,95fvnclitpzdbgd83xcozdsk2,2024-11-29T00:19:04Z,"dance pop,metropopolis,pop,swedish electropop,swedish pop,swedish synthpop","Pretty Swede Records / mtheory",0.667,0.688,7,-7.131,0,0.0575,0.015,0.000846,0.246,0.487,97.024,4
2qF8Zpn7iJh9mk4RfwLbjM,"Force of Nature","Not An Apology","Bea Miller",2015-01-01,241813,35,95fvnclitpzdbgd83xcozdsk2,2024-11-29T00:19:04Z,"alt z,pop,talent show","Hollywood Records",0.658,0.566,7,-6.179,1,0.0259,0.771,0,0.167,0.498,80.035,4
1zVBU0PAj7ZUVmVfG2pgQG,"Carry You Home","All the Lost Souls","James Blunt",2007-09-17,234786,60,95fvnclitpzdbgd83xcozdsk2,2024-11-29T00:19:04Z,"neo mellow","Custard/Atlantic",0.344,0.549,2,-7.194,1,0.037,0.7,0.00000116,0.101,0.206,83.046,4
6g8PjnC5LOh2g3x5J8nBls,"Wilderness","Nick Jonas X2","Nick Jonas",2015-11-20,225293,28,95fvnclitpzdbgd83xcozdsk2,2024-11-29T00:19:04Z,"dance pop,pop","Safehouse Records / Island Records",0.752,0.827,9,-4.578,0,0.0352,0.352,0,0.0769,0.945,95.043,4
11sV5RZfZ4FEKz0TeFnvN6,"Air I Breathe","JUST KIDS (Deluxe Edition)","Mat Kearney",2015-08-21,219586,43,95fvnclitpzdbgd83xcozdsk2,2024-11-29T00:19:04Z,"acoustic pop,neo mellow","Aware Entertainment Inc/Universal Republic Records",0.541,0.748,9,-6.28,1,0.0357,0.417,0,0.12,0.423,79.977,4
05BgC2247XGi8ySwBzOO0o,"Heartbeat","Storyteller","Carrie Underwood",2015-10-23,209920,50,95fvnclitpzdbgd83xcozdsk2,2024-11-29T00:19:04Z,"classic oklahoma country,contemporary country,country,country dawn,dance pop,pop","19 Recordings Limited / Arista Nashville",0.54,0.766,1,-4.478,1,0.05,0.606,0,0.0903,0.435,139.999,4
07VBqWH6NG8L2ad3l84UKk,"R.I.P. 2 My Youth","Wiped Out!","The Neighbourhood",2015-10-30,205280,62,95fvnclitpzdbgd83xcozdsk2,2024-11-29T00:19:04Z,"modern alternative rock,modern rock,pop","Columbia",0.353,0.686,7,-5.704,0,0.0534,0.00216,0,0.123,0.177,94.47,4
1lguQJjlNrIOoOylYVZN3M,"The Judge","Blurryface","Twenty One Pilots",2015-05-15,297760,62,95fvnclitpzdbgd83xcozdsk2,2024-11-29T00:19:04Z,"modern rock,pop,pov: indie,rock","Fueled By Ramen",0.423,0.797,0,-4.659,1,0.124,0.177,0,0.137,0.592,82.617,4
0NJnqzKuU2zjmd64IXcYqY,"Out Of That Truck","Denim & Rhinestones (Deluxe Edition)","Carrie Underwood",2023-09-22,177400,59,95fvnclitpzdbgd83xcozdsk2,2024-11-29T00:19:04Z,"classic oklahoma country,contemporary country,country,country dawn,dance pop,pop","Capitol Nashville",0.563,0.755,5,-4.504,1,0.0253,0.0134,0,0.399,0.811,92.988,4
2FK1qmw8XNBqUe5CcgTVnE,"Guillotine","The Human Condition","Jon Bellion,Travis Mendes",2016-06-10,208124,54,95fvnclitpzdbgd83xcozdsk2,2024-11-29T00:19:04Z,"indie pop rap,nyc pop","Capitol Records (CAP)",0.574,0.803,4,-3.17,0,0.186,0.102,0.00000415,0.0861,0.647,97.967,4
1N7qGCKRRnvjoy8MGyHgpS,"Came Here to Forget","If I'm Honest","Blake Shelton",2016-05-20,220413,61,95fvnclitpzdbgd83xcozdsk2,2024-11-29T00:19:04Z,"classic oklahoma country,contemporary country,country,country road","Warner Records",0.613,0.667,1,-6.874,0,0.029,0.356,0.0000129,0.111,0.481,130.023,4
0Se1ajfYEa51gkPKV5UgLV,"So Alive","Boxes","The Goo Goo Dolls",2016-05-06,195320,43,95fvnclitpzdbgd83xcozdsk2,2024-11-29T00:19:04Z,"neo mellow,permanent wave,pop rock,post-grunge","Warner Records",0.62,0.807,1,-5.526,0,0.032,0.00496,0.00243,0.162,0.529,75.979,4
2MoSO8vwJ8tJssBjjVKa3u,"me","chemistry","Kelly Clarkson",2023-06-23,214745,46,95fvnclitpzdbgd83xcozdsk2,2024-11-29T00:19:04Z,"dance pop,pop,talent show","Atlantic Records",0.365,0.529,1,-5.708,1,0.0875,0.371,0,0.141,0.384,71.219,4
6knYNyQupBIbBxV8TMOMYM,"My Blood","Halcyon","Ellie Goulding",2012-01-01,234184,55,95fvnclitpzdbgd83xcozdsk2,2024-11-29T00:19:04Z,"indietronica,metropopolis,pop,uk pop","Polydor Records",0.476,0.592,9,-5.283,0,0.029,0.556,0,0.281,0.306,87.003,4
5Tzum6abyRqlGk0dElTwoL,"Recovery","Conscious","BROODS",2016-06-24,238266,26,95fvnclitpzdbgd83xcozdsk2,2024-11-29T00:19:04Z,"auckland indie,etherpop,indietronica,metropopolis,nz pop","Capitol Records (CAP)",0.607,0.78,0,-5.331,1,0.0318,0.0433,0.0000214,0.0787,0.317,111.98,4
40sRwFjfrRnaTdYPJIg4CP,"Hometown","Blurryface","Twenty One Pilots",2015-05-15,234946,64,95fvnclitpzdbgd83xcozdsk2,2024-11-29T00:19:04Z,"modern rock,pop,pov: indie,rock","Fueled By Ramen",0.683,0.753,2,-5.564,0,0.0317,0.0577,0.00208,0.357,0.389,120.03,4
5ch2MLzCXMhAjSqzSUQcBY,"Darling It's Over","Darling It's Over","A Great Big World,Jason Mraz",2022-02-02,219395,20,95fvnclitpzdbgd83xcozdsk2,2024-11-29T00:19:04Z,"neo mellow,piano rock,pop rock,viral pop,acoustic pop,dance pop,pop","A Great Big World",0.477,0.385,6,-8.731,1,0.0291,0.238,0.00000925,0.113,0.324,162.142,3
7jP7iCJ1cXVXYHWIkYtP6d,"See You Again","Blown Away","Carrie Underwood",2012-05-01,246453,49,95fvnclitpzdbgd83xcozdsk2,2024-11-29T00:19:04Z,"classic oklahoma country,contemporary country,country,country dawn,dance pop,pop","19 Recordings Limited / Arista Nashville",0.514,0.742,8,-2.525,1,0.0258,0.27,0.0000017,0.085,0.47,101,4
6jap7KURE59Dsoi5D0JUDX,"Hello Heartache","Avril Lavigne (Expanded Edition)","Avril Lavigne",2013-11-01,229426,36,95fvnclitpzdbgd83xcozdsk2,2024-11-29T00:19:04Z,"canadian pop,candy pop,dance pop,pop","Epic",0.512,0.758,8,-4.001,1,0.0397,0.0937,0,0.338,0.588,174.011,4
0veIY7bbAsvKhzQINchewy,"Crazy Heart","War","She Is We",2015-01-01,178533,10,95fvnclitpzdbgd83xcozdsk2,2024-11-29T00:19:04Z,"","Vanguard Records",0.501,0.719,4,-6.043,0,0.042,0.0413,0,0.2,0.441,169.958,4
1V3eyBz3pfkn9lBOlfle4x,"Thy Will","Love Remains","Hillary Scott & The Scott Family",2016-07-29,236200,58,95fvnclitpzdbgd83xcozdsk2,2024-11-29T00:19:04Z,"ccm","Capitol Nashville",0.373,0.506,0,-5.404,0,0.0273,0.718,0.00000103,0.118,0.123,157.742,3
0Rp33ELCEdIghLGwo6FFgu,"Threads","Threads","temposhark",2010-04-05,240098,3,95fvnclitpzdbgd83xcozdsk2,2024-11-29T00:19:04Z,"","Paper & Glue Ltd",0.536,0.775,7,-5.256,0,0.0289,0.279,0.00000573,0.0967,0.576,94.008,4
1zbcFS5hS92oXNL3UZDfY0,"Lonely Tonight (feat. Ashley Monroe)","BRINGING BACK THE SUNSHINE","Blake Shelton,Ashley Monroe",2014-09-30,218040,48,95fvnclitpzdbgd83xcozdsk2,2024-11-29T00:19:04Z,"classic oklahoma country,contemporary country,country,country road,country dawn,kentucky roots","Warner Records",0.41,0.747,5,-4.964,1,0.0358,0.0581,0,0.0983,0.369,158.064,4
6ayaWMVlsyvtoO5CzafBiX,"27 Hours","The Altar","BANKS",2016-09-30,190080,33,95fvnclitpzdbgd83xcozdsk2,2024-11-29T00:19:04Z,"art pop,electropop,indie poptimism,indietronica,shimmer pop","Harvest Records",0.48,0.571,6,-6.678,0,0.0304,0.0321,0.000245,0.224,0.257,75.931,4
1XCWRPypSirT0WiXQGDcAl,"So Far Gone","Some Kind of Trouble (Deluxe Edition)","James Blunt",2010-11-08,214133,41,95fvnclitpzdbgd83xcozdsk2,2024-11-29T00:19:04Z,"neo mellow","Custard/Atlantic",0.41,0.778,9,-5.353,1,0.0295,0.00561,0.00000942,0.142,0.474,201.998,4
0iGxTqrBqr9F5PM0a39xZU,"Fickle Game","For A Moment, I Was Lost","Amber Run",2017-02-10,263480,48,95fvnclitpzdbgd83xcozdsk2,2024-11-29T00:19:04Z,"indie anthem-folk","Easy Life",0.355,0.452,4,-9.364,0,0.0348,0.0421,0.00128,0.115,0.0515,171.884,4
0c4IEciLCDdXEhhKxj4ThA,"Madness","The 2nd Law","Muse",2012-09-24,281040,65,95fvnclitpzdbgd83xcozdsk2,2024-11-29T00:19:04Z,"alternative rock,modern rock,permanent wave,rock","Warner Records",0.502,0.417,10,-7.665,1,0.0718,0.127,0.00419,0.106,0.218,180.301,4
12B0Twa9kRz45Xw2PgXHJm,"Afire Love","x (Deluxe Edition)","Ed Sheeran",2014-06-21,314280,54,95fvnclitpzdbgd83xcozdsk2,2024-11-29T00:19:04Z,"pop,singer-songwriter pop,uk pop","Atlantic Records UK",0.552,0.637,5,-6.568,1,0.0445,0.464,0.0000163,0.136,0.333,97.97,4
02Ciow6VZcn1iPTuikpUbi,"Remain","Vitals","Mutemath",2015-11-13,352213,20,95fvnclitpzdbgd83xcozdsk2,2024-11-29T00:19:04Z,"alternative rock","Wojtek",0.389,0.38,4,-5.576,1,0.0268,0.541,0.000021,0.112,0.0682,81.966,4
1LPGwuFgIzbJoShfDdw7MY,"Youth","How To Be A Human Being","Glass Animals",2016-08-26,230693,67,95fvnclitpzdbgd83xcozdsk2,2024-11-29T00:19:04Z,"gauze pop,indietronica,modern rock,pov: indie,shiver pop","Wolf Tone",0.648,0.718,9,-7.765,0,0.0298,0.129,0.00156,0.112,0.785,96.017,4
6FS7YU0YpGLhBR12PNTX5H,"Kill The Lights","Last Of The Great Pretenders","Matt Nathanson",2013-01-01,184293,23,95fvnclitpzdbgd83xcozdsk2,2024-11-29T00:19:04Z,"acoustic pop,neo mellow","Vanguard",0.72,0.807,0,-3.831,1,0.0297,0.0411,0,0.314,0.834,93.008,4
6dsaGgxTbGI93Avwih65x5,"White Lie","Cleopatra (Deluxe Edition)","The Lumineers",2016-04-08,195082,49,95fvnclitpzdbgd83xcozdsk2,2024-11-29T00:19:04Z,"folk-pop,modern rock,neo mellow,stomp and holler","Dualtone Music Group",0.632,0.284,8,-9.319,1,0.0315,0.792,0.000704,0.109,0.168,79.024,5
7MKAgNGC50eeKOOmFKJ7vE,"Raw Raw","MONO","K.Flay",2023-09-15,177933,31,95fvnclitpzdbgd83xcozdsk2,2024-11-29T00:19:04Z,"escape room,hip pop,modern alternative rock","Giant Music",0.638,0.672,11,-5.272,0,0.0541,0.0482,0.0000118,0.0943,0.516,124.051,4
630UN6BvTzC0OrxeVeYJKI,"Bricks","Just Love","Us The Duo",2016-07-22,220897,12,95fvnclitpzdbgd83xcozdsk2,2024-11-29T00:19:04Z,"folk-pop,viral pop","Snafu Records",0.734,0.606,5,-7.719,0,0.0379,0.263,0.00000373,0.0635,0.61,98.007,4
2pmO8V5TEDZqsrcaxSucpj,"BLUE","Blue Neighbourhood (Deluxe)","Troye Sivan,Alex Hope",2015-12-04,211816,43,95fvnclitpzdbgd83xcozdsk2,2024-11-29T00:19:04Z,"australian pop,pop,viral pop","EMI Recorded Music Australia Pty Ltd",0.224,0.536,6,-7.537,0,0.0666,0.588,0,0.115,0.2,65.527,4
0frWUvNyEqlfy1WAxBAFbb,"Tsunami","Witness (Deluxe)","Katy Perry",2017-06-09,203133,37,95fvnclitpzdbgd83xcozdsk2,2024-11-29T00:19:04Z,"pop","Capitol Records (CAP)",0.586,0.561,0,-6.594,0,0.0811,0.0324,0,0.107,0.446,161.906,4
7cNsJ67yGmYCDFwRpBA54t,"Mission Bells","Last Of The Great Pretenders","Matt Nathanson",2013-01-01,219720,21,95fvnclitpzdbgd83xcozdsk2,2024-11-29T00:19:04Z,"acoustic pop,neo mellow","Vanguard",0.66,0.871,1,-4.511,0,0.0322,0.0824,0.0000058,0.344,0.755,89.997,4
3JXVYARc2C8mfqx0pKkSi4,"I'll Take Everything","All the Lost Souls","James Blunt",2007-09-17,185306,39,95fvnclitpzdbgd83xcozdsk2,2024-11-29T00:19:04Z,"neo mellow","Custard/Atlantic",0.488,0.78,8,-8.755,1,0.0431,0.0116,0.0000933,0.166,0.632,176.037,4
5KOfgVXoUtVFoPP1DYjNkz,"Spotlight Down","Postcards in the Sky","David Archuleta",2017-10-20,190000,15,95fvnclitpzdbgd83xcozdsk2,2024-11-29T00:19:04Z,"idol,lds youth,post-teen pop","Archie Music / Tone Tree Music",0.55,0.492,6,-7.534,1,0.0243,0.198,0,0.114,0.283,77.915,4
6I9KDzAlSkCWxgXCPZtuVa,"Lights","Bruises","Dia Frampton",2017-03-03,232480,7,95fvnclitpzdbgd83xcozdsk2,2024-11-29T00:19:04Z,"deep talent show","Nettwerk Music Group",0.412,0.502,0,-9.953,1,0.0282,0.363,0.000749,0.0703,0.19,157.851,4
02Df1JGm5Sjh2GmRAl5ClR,"Turnin' Me On","Texoma Shore","Blake Shelton",2017-11-03,288573,43,95fvnclitpzdbgd83xcozdsk2,2024-11-29T00:19:04Z,"classic oklahoma country,contemporary country,country,country road","Warner Records",0.628,0.708,11,-7.045,0,0.0287,0.309,0.00000132,0.109,0.276,111.047,4
4NtM2iwiW1S5lmgKzcX7zj,"Hurricane","Hurricane / Paralyzed (Single)","Wild Belle",2017-10-20,250015,14,95fvnclitpzdbgd83xcozdsk2,2024-11-29T00:19:04Z,"shimmer pop","Wild Belle",0.647,0.568,0,-9.258,0,0.0416,0.0047,0.192,0.13,0.553,107.976,4
2HmjAaMyTtHyDj8QLvqliK,"It Was In Me","Head Above Water","Avril Lavigne",2019-02-15,223003,40,95fvnclitpzdbgd83xcozdsk2,2024-11-29T00:19:04Z,"canadian pop,candy pop,dance pop,pop","BMG Rights Management (US) LLC",0.462,0.644,8,-5.834,1,0.0389,0.0135,0.00000738,0.111,0.219,145.754,3
3yhaZuYWuchft2wVEXIMY9,"It's Better To Have Loved","The Invisible Line","temposhark",2007-07-16,217880,9,95fvnclitpzdbgd83xcozdsk2,2024-11-29T00:19:04Z,"","Paper & Glue Ltd",0.512,0.583,2,-8.908,0,0.0361,0.375,0.0244,0.101,0.398,159.872,4
3D47LDGgt14vVllOnGJfyU,"Postcards in the Sky","Postcards in the Sky","David Archuleta",2017-10-20,226853,21,95fvnclitpzdbgd83xcozdsk2,2024-11-29T00:19:04Z,"idol,lds youth,post-teen pop","Archie Music / Tone Tree Music",0.62,0.565,10,-6.526,1,0.0288,0.0378,0,0.129,0.413,86.004,4
2HMbaTPwyou6Uw3ZqqhEPO,"5:15","Hello My Name Is...","Bridgit Mendler",2012-01-01,236066,35,95fvnclitpzdbgd83xcozdsk2,2024-11-29T00:19:04Z,"pop,post-teen pop","Hollywood Records",0.665,0.791,5,-5.199,0,0.0492,0.0249,0,0.369,0.601,81.991,4
1qyYlmuedWU2JCk3pIRNHj,"horoscope","horoscope","Carter Rubin",2021-10-22,127931,12,95fvnclitpzdbgd83xcozdsk2,2024-11-29T00:19:04Z,"deep talent show","Republic Records",0.474,0.331,9,-11.162,1,0.0663,0.349,0,0.42,0.13,173.903,4
44B3uWYmdlYJ9GMcJXWkVI,"Sleeping With Strangers","2:00am in LA","Jake Miller",2017-06-16,212874,20,95fvnclitpzdbgd83xcozdsk2,2024-11-29T00:19:04Z,"indie pop rap,teen pop","Jake Miller Music Inc. / EMPIRE",0.478,0.413,7,-9.625,1,0.0678,0.419,0,0.308,0.463,116.589,5
2hiB8QxWic092OablwpoVC,"Better Days","Let Love In","The Goo Goo Dolls",2006,213266,53,95fvnclitpzdbgd83xcozdsk2,2024-11-29T00:19:04Z,"neo mellow,permanent wave,pop rock,post-grunge","Warner Records",0.486,0.595,7,-5.009,1,0.0302,0.00212,0.000264,0.0953,0.331,113.276,4
5IVo69NUdMEVyGfmGhX9KF,"Purple","Smoke & Mirrors","Andrew Stein",2017-12-08,219875,27,95fvnclitpzdbgd83xcozdsk2,2024-11-29T00:19:04Z,"otacore","Give Heart Records",0.441,0.97,6,-4.002,0,0.149,0.0000687,0.0000317,0.116,0.344,80.526,4
76j3MK9DMAv9y29jDPfJ2G,"December Boys","East Of Angel Town (US Version)","Peter Cincotti",2007-09-04,279680,17,95fvnclitpzdbgd83xcozdsk2,2024-11-29T00:19:04Z,"contemporary vocal jazz,vocal jazz","Warner Records",0.526,0.53,9,-7.576,1,0.0268,0.205,0.0000371,0.131,0.401,77.026,4
4wq2BmCpeBWdINtAdsXRkN,"Slice","Slice","Five For Fighting",2010-06-15,214160,38,95fvnclitpzdbgd83xcozdsk2,2024-11-29T00:19:04Z,"neo mellow,piano rock,pop rock","Wind-up Records",0.587,0.686,11,-6.448,1,0.0327,0.14,0,0.123,0.33,127.936,4
4w1lzcaoZ1IC2K5TwjalRP,"A Thousand Miles","Be Not Nobody","Vanessa Carlton",2002-04-30,237493,76,95fvnclitpzdbgd83xcozdsk2,2024-11-29T00:19:04Z,"lilith,neo mellow,piano rock,pop rock,post-teen pop","A&M",0.56,0.825,11,-3.862,1,0.0379,0.323,0,0.161,0.268,94.931,4
7FzHpfP9yMe0jL3wFSKV53,"one night","head or heart","Christina Perri",2014-03-27,184960,22,95fvnclitpzdbgd83xcozdsk2,2024-11-29T00:19:04Z,"pop","Atlantic Records",0.498,0.653,11,-6.647,0,0.05,0.0153,0.000129,0.103,0.305,91.869,4
6t44iU80A0h8WQ7vc4OoRj,"Fake Happy","After Laughter","Paramore",2017-05-12,235706,57,95fvnclitpzdbgd83xcozdsk2,2024-11-29T00:19:04Z,"candy pop,modern rock,pixie,pop,pop emo,pop punk,rock","Fueled By Ramen",0.734,0.626,7,-5.685,1,0.0458,0.076,0.00000654,0.168,0.44,98.559,4
4GpeJUQm13XwAFvZfTZCXM,"Flood (feat. Sydney Sierota)","Boxes","The Goo Goo Dolls,Sydney Quiseng",2016-05-06,252600,23,95fvnclitpzdbgd83xcozdsk2,2024-11-29T00:19:04Z,"neo mellow,permanent wave,pop rock,post-grunge","Warner Records",0.669,0.631,2,-6.411,1,0.046,0.0882,0.00000457,0.129,0.427,131.987,4
3PpFu2A5Yzgpjvtrz0ZkOx,"Thank You","Charice","Charice",2010-05-07,256360,19,95fvnclitpzdbgd83xcozdsk2,2024-11-29T00:19:04Z,"","143/Reprise",0.423,0.629,0,-4.713,1,0.0316,0.0254,0,0.103,0.138,152.003,4
56uRdqTvluIE6KYe7L2Txw,"Flashes","Lady Wood","Tove Lo",2016-10-28,256892,1,95fvnclitpzdbgd83xcozdsk2,2024-11-29T00:19:04Z,"dance pop,metropopolis,pop,swedish electropop,swedish pop,swedish synthpop","Universal Music AB",0.586,0.669,1,-7.086,1,0.0406,0.0223,0.000491,0.0899,0.294,82.008,4
5mzP0k72vGA5GrmA4LlMZm,"What She Wants","Young Love (Deluxe Edition)","Mat Kearney",2011,217293,16,95fvnclitpzdbgd83xcozdsk2,2024-11-29T00:19:04Z,"acoustic pop,neo mellow","Aware Entertainment Inc/Universal Republic Records",0.574,0.638,9,-5.83,1,0.0269,0.00546,0,0.306,0.486,95.972,4
1bhpub6BolgKXDD7iMkYTZ,"Wolves Without Teeth","Beneath The Skin","Of Monsters and Men",2015-06-05,232973,52,95fvnclitpzdbgd83xcozdsk2,2024-11-29T00:19:04Z,"folk-pop,metropopolis,modern rock,stomp and holler","Universal Records",0.362,0.72,11,-6.169,0,0.0334,0.00108,0.000417,0.332,0.436,135.637,5
69mtKeQlNlFqnkOuHhczbU,"Silverball","Silverball","Barenaked Ladies",2015-06-02,276847,10,95fvnclitpzdbgd83xcozdsk2,2024-11-29T00:19:04Z,"canadian pop,canadian rock,pop rock,post-grunge","Vanguard",0.558,0.657,1,-8.174,1,0.0334,0.0241,0.303,0.126,0.161,120.026,4
1eslc3Gyrhv4jL3qGCb07f,"Metropolis","Metropolis","Peter Cincotti",2012-01-01,264640,0,95fvnclitpzdbgd83xcozdsk2,2024-11-29T00:19:04Z,"contemporary vocal jazz,vocal jazz","Heads Up",0.534,0.791,8,-5.264,0,0.036,0.0532,0.00000545,0.342,0.37,84.041,4
21dykClERhLpI2ogj4wVYe,"Good Guys","No Place In Heaven","MIKA",2015-06-16,203466,21,95fvnclitpzdbgd83xcozdsk2,2024-11-29T00:19:04Z,"electropop","Casablanca/Mika/Virgin UK",0.628,0.493,10,-8.967,1,0.0441,0.0395,0,0.0672,0.202,99.966,4
22KbVMZekQbkrHGrubQTpQ,"What If","Bookmarks","Five For Fighting",2013-09-17,207228,42,95fvnclitpzdbgd83xcozdsk2,2024-11-29T00:19:04Z,"neo mellow,piano rock,pop rock","Wind-up Records",0.565,0.895,0,-5.354,1,0.04,0.194,0,0.101,0.592,149.919,4
3XMyREykeptNpvd0tE75xw,"Numb","Take Me To The Disco","MEG MYERS",2018-07-20,262814,39,95fvnclitpzdbgd83xcozdsk2,2024-11-29T00:19:04Z,"dark pop,shimmer pop","300 Entertainment",0.51,0.693,5,-3.192,1,0.0284,0.006,0.00000204,0.11,0.291,81.981,4
5neyux4lhfWyfnYA0o7YVs,"Lucy (feat. Brian May)","The Original High (Deluxe Version)","Adam Lambert,Brian May",2015-06-12,212186,25,95fvnclitpzdbgd83xcozdsk2,2024-11-29T00:19:04Z,"dance pop,idol,pop,post-teen pop,glam rock","Warner Records",0.644,0.603,7,-7.103,1,0.0333,0.0179,0.000815,0.108,0.456,98.982,4
0HZhYMZOcUzZKSFwPOti6m,"jar of hearts","lovestrong.","Christina Perri",2011-05-10,246587,69,95fvnclitpzdbgd83xcozdsk2,2024-11-29T00:19:04Z,"pop","Atlantic Records",0.349,0.348,3,-6.142,1,0.0316,0.726,0,0.12,0.0886,74.541,4
1cOSNO1QvjVr2OF0KTRsej,"Lonely Hearts","Paranoia","Lee DeWyze",2018-02-16,215854,5,95fvnclitpzdbgd83xcozdsk2,2024-11-29T00:19:04Z,"idol","Shanachie",0.639,0.448,3,-6.132,1,0.0249,0.745,0.0000508,0.127,0.384,138.087,4
0xvfqoL4cAAZjhGHjk5d3n,"Always","Form & Function, Pt. 1","Gangs of Ballet",2015-10-08,200404,15,95fvnclitpzdbgd83xcozdsk2,2024-11-29T00:19:04Z,"african rock,south african pop,south african rock","Gangs of Ballet",0.412,0.863,11,-5.532,1,0.0893,0.0241,0,0.096,0.339,171.938,4
1STAWoWHYJh2UVUx41pYMD,"Lost!","Viva La Vida or Death and All His Friends","Coldplay",2008-05-26,236213,50,95fvnclitpzdbgd83xcozdsk2,2024-11-29T00:19:04Z,"permanent wave,pop","Parlophone UK",0.359,0.779,7,-7.52,1,0.0412,0.0057,0.837,0.379,0.582,86.951,4
12dvoGNkuPiVMbdvhymMSI,"The Concept","Bandwagonesque","Benjamin Gibbard",2017-07-28,485333,19,95fvnclitpzdbgd83xcozdsk2,2024-11-29T00:19:04Z,"","Canvasback/Turntable Kitchen/Atlantic",0.231,0.595,7,-7.878,1,0.0289,0.312,0.294,0.0926,0.182,109.008,4
7JqqIi2ktnsNkYdQhKSCrz,"The Path","Solar Power","Lorde",2021-08-20,221240,47,95fvnclitpzdbgd83xcozdsk2,2024-11-29T00:19:04Z,"art pop,metropopolis,nz pop,pop","Universal Music New Zealand Limited",0.605,0.647,5,-7.037,1,0.0451,0.429,0,0.103,0.0834,91.928,4
3ap3FsiJGIMlXpPpk7e5vQ,"Would You Call That Love","Meaning of Life","Kelly Clarkson",2017-10-27,178213,32,95fvnclitpzdbgd83xcozdsk2,2024-11-29T00:19:04Z,"dance pop,pop,talent show","Atlantic Records",0.707,0.747,5,-4.697,0,0.0266,0.068,0,0.109,0.751,99.948,4
32PhQGVwurZaoJrCvrh0nl,"Some People","Take Me To The Disco","MEG MYERS",2018-07-20,236693,19,95fvnclitpzdbgd83xcozdsk2,2024-11-29T00:19:04Z,"dark pop,shimmer pop","300 Entertainment",0.369,0.618,0,-7.024,1,0.0365,0.372,0.000718,0.113,0.119,171.977,4
4MNJAMHsH3toStzURfAHri,"Enemy In Me","Tonic","Jetta",2018-08-24,176640,4,95fvnclitpzdbgd83xcozdsk2,2024-11-29T00:19:04Z,"metropopolis","Lion's Roar Records",0.664,0.495,0,-7.45,0,0.0287,0.443,0.0000589,0.0726,0.178,96.015,4
723ZdKcJ6aqovM1MqOfU2m,"Hell Or High Water","Runaway (Deluxe)","Passenger",2018-08-31,220468,31,95fvnclitpzdbgd83xcozdsk2,2024-11-29T00:19:04Z,"folk-pop,neo mellow","Nettwerk Music Group",0.419,0.719,4,-5.735,0,0.0551,0.00186,0.0000185,0.349,0.384,81.632,4
7I3skNaQdvZSS7zXY2VHId,"The Hype","Trench","Twenty One Pilots",2018-10-05,265373,59,95fvnclitpzdbgd83xcozdsk2,2024-11-29T00:19:04Z,"modern rock,pop,pov: indie,rock","Fueled By Ramen",0.53,0.816,9,-6.149,1,0.0503,0.0105,0.00061,0.379,0.371,87.019,4
0w9LJae3sVlZlH2CnxTInF,"God Gave Me You","Red River Blue (Deluxe Edition)","Blake Shelton",2011-07-11,229533,57,95fvnclitpzdbgd83xcozdsk2,2024-11-29T00:19:04Z,"classic oklahoma country,contemporary country,country,country road","Warner Records",0.483,0.844,2,-5.043,1,0.0314,0.00481,0.0000729,0.405,0.543,151.977,4
2208Pkqr9zSappQMfKfJKk,"III","Sacred Hearts Club","Foster The People",2017-07-21,249493,33,95fvnclitpzdbgd83xcozdsk2,2024-11-29T00:19:04Z,"indietronica,modern alternative rock,modern rock,rock","Columbia",0.442,0.64,6,-8.622,1,0.0471,0.14,0.000931,0.109,0.16,75.015,4
1eftOUoeMO1JkSQQmS6jXF,"JT","Glory Sound Prep","Jon Bellion",2018-11-09,268466,44,95fvnclitpzdbgd83xcozdsk2,2024-11-29T00:19:04Z,"indie pop rap","Capitol Records",0.518,0.587,0,-7.937,1,0.12,0.0168,0.00000119,0.206,0.631,98.367,4
4JRTccqgLwv1sjVJZnslwf,"Beautiful","SEX AND LOVE (Deluxe)","Enrique Iglesias,Kylie Minogue",2014-01-01,205360,23,95fvnclitpzdbgd83xcozdsk2,2024-11-29T00:19:04Z,"dance pop,latin pop,mexican pop,australian dance,australian pop,eurodance,new wave pop","Universal Music Group International",0.18,0.506,9,-5.027,1,0.0342,0.715,0,0.176,0.068,181.755,4
33mAjybflJ7vfR7oBp2Zh7,"It Was You (Baby Come Back to Me)","Dreamland","Wild Belle",2016-04-15,253760,17,95fvnclitpzdbgd83xcozdsk2,2024-11-29T00:19:04Z,"shimmer pop","Columbia",0.549,0.573,4,-6.326,0,0.0267,0.0688,0.000128,0.19,0.445,85.015,4
6ZZf5a8oiInHDkBe9zXfLP,"Curtains","- (Deluxe)","Ed Sheeran",2023-05-05,224803,59,95fvnclitpzdbgd83xcozdsk2,2024-11-29T00:19:04Z,"pop,singer-songwriter pop,uk pop","Atlantic Records UK",0.504,0.762,2,-6.42,1,0.057,0.095,0.00000127,0.338,0.44,176.013,4
2KnLkZ3z7PO3kgVGHGqDpD,"It'll Be Okay","It'll Be Okay","Shawn Mendes",2021-12-01,222800,69,95fvnclitpzdbgd83xcozdsk2,2024-11-29T00:19:04Z,"canadian pop,pop,viral pop","Shawn Mendes LP4-5 PS/ Island",0.398,0.286,7,-11.881,1,0.033,0.616,0.000146,0.0912,0.0666,78.262,4
0s049atcSpO84nFYGLqtMQ,"NOSTALGIA","COORDINATES","The Band Perry",2018-09-21,182015,13,95fvnclitpzdbgd83xcozdsk2,2024-11-29T00:19:04Z,"contemporary country,country,country dawn,country road","TheTenTwentySix, LLC",0.618,0.778,0,-5.069,0,0.134,0.0221,0.0204,0.343,0.36,173.938,4
46rlc8BQtKOCTGIUq2pbsJ,"Chapel","Chapel","JT Roach",2018-04-04,237137,8,95fvnclitpzdbgd83xcozdsk2,2024-11-29T00:19:04Z,"","JT Roach",0.303,0.343,5,-9.947,1,0.0323,0.737,0.0957,0.0681,0.147,179.959,4
3hc7PLcmuZbJGPjhIore1i,"Too Little Too Late - 2018","The High Road (2018)","JoJo",2018-12-20,223533,52,95fvnclitpzdbgd83xcozdsk2,2024-11-29T00:19:04Z,"dance pop,pop,post-teen pop","Clover Music",0.394,0.821,6,-4.304,0,0.0404,0.00302,0.019,0.186,0.509,82.764,4
6BbANlpji0u8ZlqyPVMQiM,"Cautionary Tales","Glory Sound Prep","Jon Bellion",2018-11-09,227206,44,95fvnclitpzdbgd83xcozdsk2,2024-11-29T00:19:04Z,"indie pop rap","Capitol Records",0.582,0.55,7,-8.474,1,0.0448,0.0122,0.0000277,0.128,0.696,94.087,4
0X8qBbOo055El8ba1FRkIL,"Tear Me To Pieces","Take Me To The Disco","MEG MYERS",2018-07-20,206373,30,95fvnclitpzdbgd83xcozdsk2,2024-11-29T00:19:04Z,"dark pop,shimmer pop","300 Entertainment",0.457,0.637,9,-3.079,0,0.0296,0.0267,0,0.135,0.325,152.088,4
1CALdVEY7jLecZ5oGJcTff,"Carousel","Philophobia","Amber Run",2019-09-27,171080,17,95fvnclitpzdbgd83xcozdsk2,2024-11-29T00:19:04Z,"indie anthem-folk","Easy Life Records",0.174,0.744,11,-5.045,0,0.079,0.0198,0.00173,0.33,0.148,165.737,4
3sMtJHvOUbbzJOIpDMF1HX,"It's Gonna Make Sense","Eternity","Michael Learns To Rock",2008-01-01,215266,35,95fvnclitpzdbgd83xcozdsk2,2024-11-29T00:19:04Z,"boy band,danish pop rock","M.L.T.R",0.442,0.783,2,-4.388,1,0.0292,0.00699,0,0.226,0.292,82.04,4
5CUI8RI70agSuT2fIeYuK0,"Guilty as Sin?","THE TORTURED POETS DEPARTMENT: THE ANTHOLOGY","Taylor Swift",2024-04-19,254365,49,95fvnclitpzdbgd83xcozdsk2,2024-11-29T00:19:04Z,"pop","Taylor Swift",0.626,0.428,2,-8.374,1,0.0261,0.607,0,0.0921,0.487,94.95,3
0Sk9QHQbOufLeCPPYPyg9t,"Altar","People Change","machineheart",2019-02-08,304331,31,95fvnclitpzdbgd83xcozdsk2,2024-11-29T00:19:04Z,"indie poptimism","Nettwerk Music Group",0.59,0.648,6,-5.541,0,0.0395,0.0348,0.0000483,0.383,0.215,115.026,4
7eRDcA4BvnDjwU7yfQVGT1,"Rocksteady","Rocksteady","Wild Belle",2019-03-08,176878,5,95fvnclitpzdbgd83xcozdsk2,2024-11-29T00:19:04Z,"shimmer pop","Love Tone",0.699,0.673,1,-5.81,1,0.284,0.0376,0.00962,0.206,0.705,175.853,4
2h8szyWmfavIbiWm0KWpB0,"Can’t Hide Red","Can't Say I Ain't Country","Florida Georgia Line,Jason Aldean",2019-02-15,181600,44,95fvnclitpzdbgd83xcozdsk2,2024-11-29T00:19:04Z,"contemporary country,country,country pop,country road,modern country rock","BMLG Records",0.514,0.864,4,-3.246,0,0.0502,0.0256,0,0.103,0.471,94.927,4
0LFzQCGWwX1GKQhlHVrG92,"Birdie","Head Above Water","Avril Lavigne",2019-02-15,215175,38,95fvnclitpzdbgd83xcozdsk2,2024-11-29T00:19:04Z,"canadian pop,candy pop,dance pop,pop","BMG Rights Management (US) LLC",0.548,0.824,10,-3.524,1,0.0864,0.272,0,0.26,0.452,156.041,4
7JEUg9KqmpdIE5Nbb9ss66,"Love You Anymore","love (Deluxe Edition)","Michael Bublé",2018-11-16,182666,59,95fvnclitpzdbgd83xcozdsk2,2024-11-29T00:19:04Z,"adult standards,canadian pop,jazz pop,lounge","Reprise",0.693,0.257,6,-7.785,1,0.0356,0.869,0,0.11,0.603,90.012,4
4yDLW1kpgN7RGa6wCtxlL8,"Ghosttown","Rebel Heart (Deluxe)","Madonna",2015-03-06,249600,46,95fvnclitpzdbgd83xcozdsk2,2024-11-29T00:19:04Z,"dance pop,pop","Interscope",0.54,0.55,5,-6.521,1,0.0368,0.0362,0.000203,0.115,0.0899,79.037,4
06g0HJD8IVNNDhICfabnfe,"The Ending","The Ending (Remastered)","Papa Roach",2020-11-13,209828,0,95fvnclitpzdbgd83xcozdsk2,2024-11-29T00:19:04Z,"alternative metal,nu metal,rap metal,rap rock,rock","Better Noise Music",0.531,0.895,9,-4.38,0,0.0455,0.0918,0.0000257,0.118,0.491,89.988,4
555jNqRw2V1OVBrxu9kJSb,"Dreamland","Dreamland","Wild Belle",2016-04-15,219013,32,95fvnclitpzdbgd83xcozdsk2,2024-11-29T00:19:04Z,"shimmer pop","Columbia",0.499,0.69,11,-6.714,0,0.031,0.0608,0.0169,0.186,0.653,87.998,4
4gSe2TlmI6kjNpWth11c73,"Wild Blue","Wild Blue, Part I","Hunter Hayes",2019-08-16,229853,0,95fvnclitpzdbgd83xcozdsk2,2024-11-29T00:19:04Z,"contemporary country,country,country road,modern country rock","Warner Music Nashville",0.47,0.718,1,-7.594,0,0.0474,0.0346,0,0.0807,0.452,87.934,4
5hQSXkFgbxjZo9uCwd11so,"False God","Lover","Taylor Swift",2019-08-23,200306,71,95fvnclitpzdbgd83xcozdsk2,2024-11-29T00:19:04Z,"pop","Taylor Swift",0.739,0.32,11,-10.862,0,0.239,0.736,0.000147,0.111,0.351,79.97,4
5oQXS8kxG81vWE5VR3zwf3,"Not Enough","Not Enough","Secondhand Serenade",2019-08-16,227677,29,95fvnclitpzdbgd83xcozdsk2,2024-11-29T00:19:04Z,"neon pop punk,piano rock,pixie,pop punk","Secondhand Serenade, INC",0.567,0.563,0,-5.92,1,0.0297,0.35,0,0.116,0.178,150.082,4
4VWGtBNKgvGzwGpGp4GCQz,"Make Your Own Mistakes","FEVER / SKY","Wilder Woods",2023-03-24,259092,28,95fvnclitpzdbgd83xcozdsk2,2024-11-29T00:19:04Z,"acoustic pop,indiecoustica","Dualtone Music Group",0.522,0.583,11,-9.033,1,0.0378,0.443,0.000201,0.137,0.158,87.134,4
4I0tFcRHjW3AkN1Jg1veOM,"fine","fine","Mike Shinoda",2019-11-01,214342,42,95fvnclitpzdbgd83xcozdsk2,2024-11-29T00:19:04Z,"alternative hip hop","Warner Records",0.55,0.685,8,-3.28,1,0.0353,0.0261,0.000069,0.251,0.168,89.977,4
4odVLTG6ocl3GnJaFM2WQ5,"Blue Vacation","Upside Down Flowers","Andrew McMahon in the Wilderness",2018-11-16,237746,22,95fvnclitpzdbgd83xcozdsk2,2024-11-29T00:19:04Z,"hopebeat,indie poptimism,piano rock","Fantasy",0.464,0.831,2,-6.183,0,0.0353,0.0125,0.00000909,0.52,0.82,167.899,4
7BNxbhK3BwhHRoF2EvYNss,"Run","Modern Love","Matt Nathanson,Sugarland",2011-01-01,249146,42,95fvnclitpzdbgd83xcozdsk2,2024-11-29T00:19:04Z,"acoustic pop,neo mellow,contemporary country,country,country dawn,country road","Vanguard Records",0.62,0.652,11,-5.701,1,0.0312,0.015,0.00000577,0.0835,0.204,109.988,4
0scQdWYvEBhtcWhuaibs13,"Unforgettable","Unforgettable","JT Roach",2020-01-21,281574,20,95fvnclitpzdbgd83xcozdsk2,2024-11-29T00:19:04Z,"","JT Roach",0.764,0.379,6,-11.109,0,0.0542,0.684,0.00785,0.0832,0.46,81.974,4
0Hu0LotfAfYwhA2nXdSBrx,"Hollywood Forever","Every Where Is Some Where","K.Flay",2017-04-07,184506,13,95fvnclitpzdbgd83xcozdsk2,2024-11-29T00:19:04Z,"escape room,hip pop,modern alternative rock","Dan Reynolds PS",0.572,0.629,9,-5.369,0,0.166,0.372,0,0.0837,0.388,164.929,4
5wuxZ6UBwAsZpRfQuEVyzw,"Man or a Monster (feat. Zayde Wølf)","Man or a Monster (feat. Zayde Wølf)","Sam Tinnesz,Zayde Wølf",2015-12-12,205343,48,95fvnclitpzdbgd83xcozdsk2,2024-11-29T00:19:04Z,"alt z,bossbeat,rebel blues,modern alternative rock","Emerson Records",0.495,0.529,2,-6.04,0,0.0296,0.316,0.000146,0.222,0.452,81.961,4
1tV9kOktHfIs42Plg2lnk8,"an(otherside)","Van Alden","Van Alden",2018-08-31,165250,1,95fvnclitpzdbgd83xcozdsk2,2024-11-29T00:19:04Z,"","Dramakaze Records",0.566,0.461,1,-9.761,1,0.0293,0.564,0.44,0.118,0.314,79.971,4
578Agyz8dvaHYFn8SMDTLl,"I'll Get By","I’ll Get By","Avi Kaplan",2019-11-05,203160,13,95fvnclitpzdbgd83xcozdsk2,2024-11-29T00:19:04Z,"","Fantasy",0.308,0.583,5,-8.881,1,0.0325,0.257,0.0025,0.123,0.38,97.092,4
1eyq8cjUQ2daFthW2PC2GM,"Glory of Love","Solitude / Solitaire","Peter Cetera",1986,258333,71,95fvnclitpzdbgd83xcozdsk2,2024-11-29T00:19:04Z,"soft rock","Rhino/Warner Records",0.52,0.61,5,-7.935,1,0.0282,0.0805,0.00000295,0.276,0.329,144.983,4
0MPcQ7UyPXmhggSx2Jp0NH,"Full Moon","I'll Get By","Avi Kaplan",2020-02-28,305973,34,95fvnclitpzdbgd83xcozdsk2,2024-11-29T00:19:04Z,"","Fantasy",0.302,0.152,7,-13.751,0,0.0283,0.727,0.38,0.118,0.142,83.08,3
5vWo4ErhZVUmtVvQvNIWel,"I Disagree","I Disagree","Poppy",2019-10-03,193499,0,95fvnclitpzdbgd83xcozdsk2,2024-11-29T00:19:04Z,"alt z","Sumerian Records",0.355,0.867,0,-4.596,1,0.0737,0.066,0,0.325,0.357,180.111,4
0Mw4XuHVUyFuf3qRJ3AU1h,"KINGDOM","KINGDOM","FEVER 333",2019-11-04,205736,25,95fvnclitpzdbgd83xcozdsk2,2024-11-29T00:19:04Z,"la indie,nu-metalcore","Roadrunner Records/333 Wreckords Crew",0.57,0.714,1,-5.245,0,0.144,0.000159,0.0011,0.264,0.601,95.051,4
2Zvtq9Ctnr4grdUJJmi1LA,"Miracles","Miracles","Colton Dixon",2020-01-24,174438,0,95fvnclitpzdbgd83xcozdsk2,2024-11-29T00:19:04Z,"ccm,christian alternative rock,christian music","Atlantic Records",0.721,0.717,7,-6.917,1,0.0437,0.00146,0.000125,0.12,0.341,96.481,4
0AAVi8M94yb70B8WAKlR1z,"Halfway","Once Upon a Mind","James Blunt",2019-10-25,191378,33,95fvnclitpzdbgd83xcozdsk2,2024-11-29T00:19:04Z,"neo mellow","Atlantic Records UK",0.571,0.758,3,-5.374,1,0.0512,0.08,0,0.0962,0.384,99.984,4
2OjjO99C0yGnHXarzoC6S7,"One of the Brightest Stars","All the Lost Souls","James Blunt",2007-09-17,191400,45,95fvnclitpzdbgd83xcozdsk2,2024-11-29T00:19:04Z,"neo mellow","Custard/Atlantic",0.613,0.343,0,-11.099,1,0.0274,0.92,0,0.0913,0.134,78.246,4
6ET9kf9riLETWs9lePUEAI,"Slow Burn","Golden Hour","Kacey Musgraves",2018-03-30,246133,66,95fvnclitpzdbgd83xcozdsk2,2024-11-29T00:19:04Z,"classic texas country,contemporary country,country dawn","MCA Nashville",0.555,0.43,2,-9.105,1,0.0295,0.462,0.000191,0.0869,0.274,147.613,4
7GgQi7JTG4b6J4iEF4RTjF,"Remedy","25","Adele",2016-06-24,245426,0,95fvnclitpzdbgd83xcozdsk2,2024-11-29T00:19:04Z,"british soul,pop,pop soul,uk pop","XL Recordings/Columbia",0.396,0.305,2,-6.481,1,0.0387,0.891,0,0.169,0.251,165.398,3
4jGyvCWw617xmvkDOFM5SQ,"Smiling","Smiling","Alanis Morissette",2020-02-21,257440,17,95fvnclitpzdbgd83xcozdsk2,2024-11-29T00:19:04Z,"canadian pop,canadian singer-songwriter,lilith,neo mellow,pop rock,singer-songwriter","Epiphany Music",0.439,0.697,7,-6.211,1,0.0333,0.404,0.00002,0.394,0.134,96.036,4
23d9IkGZzpqZ7QRbaqddo4,"Backslider","Isles","Wild Belle",2013-03-08,203360,19,95fvnclitpzdbgd83xcozdsk2,2024-11-29T00:19:04Z,"shimmer pop","Columbia",0.575,0.533,7,-8.868,1,0.113,0.469,0.00884,0.0967,0.726,193.077,3
2Jb3uzkIYauI9KRIFNH5vn,"We'll Be Free","We'll Be Free","AG,nilu",2020-02-26,229769,19,95fvnclitpzdbgd83xcozdsk2,2024-11-29T00:19:04Z,"","Self",0.392,0.302,8,-10.403,1,0.0305,0.573,0.00000198,0.0864,0.234,139.852,4
6MebAuSJFYpgKmZ5o0vek4,"Much Too Much","Three. Two. One.","Lennon Stella",2020-04-24,210946,38,95fvnclitpzdbgd83xcozdsk2,2024-11-29T00:19:04Z,"alt z,canadian pop,uk pop","Records/Columbia",0.765,0.5,0,-8.633,1,0.0532,0.5,0.000032,0.127,0.6,99.995,4
5ToJzoVfLYyF7ohMOBNObi,"Oh, What A World","Golden Hour","Kacey Musgraves",2018-03-30,241466,52,95fvnclitpzdbgd83xcozdsk2,2024-11-29T00:19:04Z,"classic texas country,contemporary country,country dawn","MCA Nashville",0.503,0.536,4,-7.229,1,0.0259,0.642,0.00143,0.111,0.21,90.966,4
1yReRGDJKwIIYCPHtkpP9O,"Velvet Enemy","Velvet Enemy","TELLE",2023-01-06,264071,10,95fvnclitpzdbgd83xcozdsk2,2024-11-29T00:19:04Z,"","TELLE",0.392,0.711,9,-6.54,0,0.0363,0.0146,0.00134,0.172,0.147,119.814,4
6iV0eoIZYL5iokEdHIjQO6,"UP","UP","David Archuleta",2023-06-02,166060,20,95fvnclitpzdbgd83xcozdsk2,2024-11-29T00:19:04Z,"idol,lds youth,post-teen pop","Archie Music LLC",0.555,0.482,7,-5.786,1,0.0275,0.817,0,0.144,0.185,76.014,4
2d6wvZdvJ0bGJ4Olfm1lsp,"Imperfections","Courage (Deluxe Edition)","Céline Dion",2019-11-15,239106,48,95fvnclitpzdbgd83xcozdsk2,2024-11-29T00:19:04Z,"canadian pop","Columbia",0.703,0.497,10,-8.421,1,0.0523,0.275,0,0.0923,0.402,104.989,4
14aauQ5Mtkan09WgRkUriF,"The Way That I Love You (Single Version)","The Way That I Love You (Single Version)","Passenger",2020-03-20,159761,0,95fvnclitpzdbgd83xcozdsk2,2024-11-29T00:19:04Z,"folk-pop,neo mellow","Nettwerk Records",0.508,0.323,1,-13.237,1,0.0347,0.719,0.0000178,0.118,0.486,120.752,4
4WcRpmEcza1OD0TSAY2CW9,"Shine a Light","Postcards in the Sky","David Archuleta",2017-10-20,221413,13,95fvnclitpzdbgd83xcozdsk2,2024-11-29T00:19:04Z,"idol,lds youth,post-teen pop","Archie Music / Tone Tree Music",0.395,0.777,7,-6.353,1,0.109,0.0775,0.00000274,0.105,0.309,162.125,4
45KIvymezcVSStboODBQWX,"Save Us","Three. Two. One.","Lennon Stella",2020-04-24,181160,44,95fvnclitpzdbgd83xcozdsk2,2024-11-29T00:19:04Z,"alt z,canadian pop,uk pop","Records/Columbia",0.652,0.799,2,-6.408,1,0.0339,0.0632,0.0565,0.0823,0.733,89.98,4
5hNz4huOvrtoURoic7sx1d,"OK, All Right","OK, All Right","David Archuleta",2020-03-27,174027,22,95fvnclitpzdbgd83xcozdsk2,2024-11-29T00:19:04Z,"idol,lds youth,post-teen pop","Archie Music LLC",0.883,0.728,0,-6.079,1,0.0506,0.225,0,0.174,0.49,104.037,4
4ZOYPb6MfDBkh6rKsrGwHn,"You Can Rely on Me","YES!","Jason Mraz",2014-07-15,222386,20,95fvnclitpzdbgd83xcozdsk2,2024-11-29T00:19:04Z,"acoustic pop,dance pop,neo mellow,pop","Atlantic Records/ATG",0.605,0.543,7,-9.122,1,0.0366,0.446,0.00000252,0.0819,0.426,148.001,4
0iln2168HJdD3CnyEeeqXw,"History","Never Been Better (Deluxe)","Olly Murs",2015-04-14,170920,0,95fvnclitpzdbgd83xcozdsk2,2024-11-29T00:19:04Z,"dance pop,pop,talent show,uk pop","Epic",0.566,0.496,9,-6.909,0,0.0306,0.723,0,0.158,0.188,123.955,4
4lRSeOZ97LHOFDk5A0opcq,"Let It Roll","Divinely Uninspired To A Hellish Extent (Extended Edition)","Lewis Capaldi",2019-11-22,219693,50,95fvnclitpzdbgd83xcozdsk2,2024-11-29T00:19:04Z,"pop,uk pop","Vertigo Berlin",0.618,0.716,6,-4.174,1,0.0344,0.525,0,0.0947,0.619,100.102,4
0Q4fUM7mSeqVKD5qnqS2gO,"Devil Is a Liar","Devil Is A Liar","Colton Dixon",2020-03-27,165895,48,95fvnclitpzdbgd83xcozdsk2,2024-11-29T00:19:04Z,"ccm,christian alternative rock,christian music","Atlantic Records",0.753,0.791,6,-6.781,0,0.0463,0.00607,0.000179,0.397,0.689,130.996,4
1TnUURhehaoMWKAqQtirm6,"Colors","BADLANDS","Halsey",2015-08-28,249499,65,95fvnclitpzdbgd83xcozdsk2,2024-11-29T00:19:04Z,"electropop,etherpop,indie poptimism,pop","Astralwerks (ASW)",0.512,0.812,1,-4.809,1,0.0617,0.0534,0,0.092,0.521,100.02,4
51XwaM08s4YQ4dZkd9GvZC,"Laugh It Off","I Will Be Nothing Without Your Love (B-Sides)","The Ready Set",2016-04-08,232127,3,95fvnclitpzdbgd83xcozdsk2,2024-11-29T00:19:04Z,"neon pop punk,pixie,pop emo,pop punk","Hopeless Records",0.652,0.523,11,-9.363,1,0.0325,0.137,0.0054,0.225,0.159,92.989,4
05rR8Z0goKbsUdC69wBmh7,"Annie","All the Lost Souls (Deluxe Edition)","James Blunt",2007-09-17,205466,25,95fvnclitpzdbgd83xcozdsk2,2024-11-29T00:19:04Z,"neo mellow","Atlantic Records",0.371,0.408,8,-9.067,1,0.0369,0.2,0,0.119,0.347,164.505,4
28X17z5F4ANEeOiEDGiUYw,"Brave","Therapy Sessions","David Archuleta",2020-05-20,236792,10,95fvnclitpzdbgd83xcozdsk2,2024-11-29T00:19:04Z,"idol,lds youth,post-teen pop","Archie Music LLC",0.588,0.551,2,-7.282,1,0.16,0.305,0.0000901,0.111,0.247,189.957,3
5PPrgtKQQRudSCeXI1bSWr,"4AM, Still Lonely","4AM, Still Lonely","The Chain Gang Of 1974",2020-04-15,215118,5,95fvnclitpzdbgd83xcozdsk2,2024-11-29T00:19:04Z,"shimmer pop","Fever Ltd.",0.408,0.58,7,-8.423,1,0.0681,0.583,0.00000133,0.169,0.168,76.738,4
2DwbFtfC6sXBiVDPmju8Dd,"Happy Anywhere (feat. Gwen Stefani)","Happy Anywhere (feat. Gwen Stefani)","Blake Shelton,Gwen Stefani",2020-07-24,170173,0,95fvnclitpzdbgd83xcozdsk2,2024-11-29T00:19:04Z,"classic oklahoma country,contemporary country,country,country road,dance pop,pop","Warner Music Nashville",0.538,0.745,8,-5.774,1,0.0387,0.1,0,0.063,0.669,165.755,4
7HbKIvZWeJPD6JmxQymOZ8,"Life Goes On","Life Goes On","Bryce Vine",2020-07-31,201856,34,95fvnclitpzdbgd83xcozdsk2,2024-11-29T00:19:04Z,"indie pop rap","Sire",0.828,0.617,4,-9.005,1,0.0501,0.625,0.000212,0.137,0.933,105.981,4
1knWIPoEokfHelCiFwjJds,"Missing the Miracle","Such Pretty Forks in the Road","Alanis Morissette",2020-07-31,213146,24,95fvnclitpzdbgd83xcozdsk2,2024-11-29T00:19:04Z,"canadian pop,canadian singer-songwriter,lilith,neo mellow,pop rock,singer-songwriter","Epiphany Music",0.315,0.571,7,-6.46,1,0.0308,0.293,0.000117,0.0991,0.201,148.047,4
2X1PJ3l0wM4D42EiEdVh5W,"AUATC","AUATC","Bon Iver",2020-08-06,142125,0,95fvnclitpzdbgd83xcozdsk2,2024-11-29T00:19:04Z,"chamber pop,eau claire indie,indie folk,melancholia,modern rock","Jagjaguwar",0.38,0.416,7,-10.237,1,0.0383,0.886,0.000012,0.156,0.604,93.445,5
1kjKCJfYzzAPB45TWbNIdm,"One Of Us","NOW That's What I Call The 90s","Joan Osborne",2010-11-09,256772,16,95fvnclitpzdbgd83xcozdsk2,2024-11-29T00:19:04Z,"ectofolk,lilith,pop rock,singer-songwriter","Now Joint Venture",0.445,0.56,9,-6.771,1,0.0253,0.00629,0.00000816,0.222,0.358,87.714,4
0Ce3hZzb1X3VtYN8GBfdQZ,"Personal","Personal","Point North",2020-07-15,199400,0,95fvnclitpzdbgd83xcozdsk2,2024-11-29T00:19:04Z,"pop punk","Hopeless Records",0.377,0.827,4,-4.334,0,0.0688,0.000298,0,0.308,0.418,159.99,3
5TbW2X37XZu6sCogYFfsBp,"In Your Room","good to know (Deluxe)","JoJo",2020-08-28,176710,2,95fvnclitpzdbgd83xcozdsk2,2024-11-29T00:19:04Z,"dance pop,pop,post-teen pop","Warner Records",0.777,0.612,7,-6.063,1,0.0757,0.198,0.0000742,0.112,0.453,125.965,4
0p9Twg6TmXmJf9vDT3S25A,"IN A DREAM","In A Dream","Troye Sivan",2020-08-21,229613,0,95fvnclitpzdbgd83xcozdsk2,2024-11-29T00:19:04Z,"australian pop,pop,viral pop","EMI Recorded Music Australia Pty Ltd",0.549,0.81,0,-5.655,1,0.138,0.019,0.00000266,0.137,0.738,170.031,4
4mK2qAHIFi8xAd4pj8stRj,"Reckoning","Reckoning","Alanis Morissette",2020-07-10,205400,10,95fvnclitpzdbgd83xcozdsk2,2024-11-29T00:19:04Z,"canadian pop,canadian singer-songwriter,lilith,neo mellow,pop rock,singer-songwriter","Epiphany Music",0.31,0.627,10,-6.69,0,0.0429,0.633,0.000113,0.136,0.152,118.212,1
6IUqxINlPXvKHIkKMeumwY,"Something To Believe In","Gag Order","Kesha",2023-05-19,209160,36,95fvnclitpzdbgd83xcozdsk2,2024-11-29T00:19:04Z,"dance pop,pop","Kemosabe Records/RCA Records",0.505,0.813,0,-5.871,0,0.0528,0.094,0.00121,0.123,0.037,92.04,3
27ycaQnQAxaPiyeg3nr2aB,"Midnight Sky","Midnight Sky","Miley Cyrus",2020-08-14,223279,2,95fvnclitpzdbgd83xcozdsk2,2024-11-29T00:19:04Z,"pop","RCA Records Label",0.705,0.814,4,-5.466,0,0.0346,0.00115,0.00312,0.203,0.259,110,4
07pb77N3d4iSkKwD753XlZ,"Companion","Companion","The Night Game,Elle King",2020-11-20,265250,14,95fvnclitpzdbgd83xcozdsk2,2024-11-29T00:19:04Z,"hopebeat,modern alternative rock,modern blues rock","Real Johnson Records",0.633,0.902,11,-3.546,1,0.0464,0.00139,0.0749,0.286,0.705,106.523,4
4CvLP28DM6r7h9mEa55FBb,"Human Touch","The Valley","Betty Who",2017-03-24,213920,34,95fvnclitpzdbgd83xcozdsk2,2024-11-29T00:19:04Z,"australian dance,dance pop,electropop,metropopolis","RCA Records Label",0.722,0.718,11,-4.081,0,0.0426,0.0588,0.00000522,0.0931,0.656,102.979,4
17Qv8BAO8TYzPOEfQpY9TJ,"Nostalgia Cycle","Everything's Strange Here","G-Eazy",2020-07-08,164159,31,95fvnclitpzdbgd83xcozdsk2,2024-11-29T00:19:04Z,"indie pop rap,oakland hip hop,pop rap,rap","BPG/RVG/RCA Records",0.482,0.528,9,-8.947,1,0.161,0.295,0.000601,0.121,0.23,160.044,4
7aGyRfJWtLqgJaZoG9lJhE,"Mad at Disney","Mad at Disney","salem ilese",2020-07-24,136838,2,95fvnclitpzdbgd83xcozdsk2,2024-11-29T00:19:04Z,"alt z,modern indie pop","Homemade Projects, LLC / TenThousand Projects",0.738,0.621,0,-7.313,1,0.0486,0.424,0.00000739,0.692,0.715,113.968,4
6m4xEmAHDVUtvWjxtqiBSQ,"Wait On","FLOWERS for VASES / descansos","Hayley Williams",2021-02-05,190085,33,95fvnclitpzdbgd83xcozdsk2,2024-11-29T00:19:04Z,"art pop","Atlantic Records",0.546,0.269,0,-14.146,1,0.034,0.87,0.0177,0.106,0.717,84.059,4
1HONerjyVg01NgExNFPhtP,"865","Dangerous: The Double Album (Bonus)","Morgan Wallen",2021-01-29,190680,46,95fvnclitpzdbgd83xcozdsk2,2024-11-29T00:19:04Z,"contemporary country","Big Loud / Republic",0.532,0.584,8,-5.254,1,0.0248,0.723,0,0.101,0.367,88.003,4
4of6haVyBmEa7rw72ExF77,"Love and Only Love","Red Sky Continued","Hunter Hayes",2023-10-13,186142,13,95fvnclitpzdbgd83xcozdsk2,2024-11-29T00:19:04Z,"contemporary country,country,country road,modern country rock","LP Entertainment",0.683,0.42,6,-8.994,1,0.0349,0.475,0,0.194,0.296,97.942,4
6Pu3WeA34o1JKRTU8eFKUD,"2much2think","High Concept","salem ilese",2023-09-15,169413,19,95fvnclitpzdbgd83xcozdsk2,2024-11-29T00:19:04Z,"alt z,modern indie pop","10K Projects",0.662,0.759,1,-4.212,1,0.0419,0.0123,0.0151,0.12,0.731,150.021,4
7cm50Lw03k6VvRauJtkyTj,"this is me trying","folklore (deluxe version)","Taylor Swift",2020-08-18,195106,65,95fvnclitpzdbgd83xcozdsk2,2024-11-29T00:19:04Z,"pop","Taylor Swift",0.511,0.478,9,-9.837,1,0.0322,0.312,0.000023,0.147,0.408,135.882,4
0FwbiI6Kqhxwjv0vObloAH,"love you more","love you more","Danny Worsnop",2021-03-13,244329,22,95fvnclitpzdbgd83xcozdsk2,2024-11-29T00:19:04Z,"","Dsnop Productions",0.514,0.577,2,-7.85,1,0.0387,0.357,0,0.118,0.325,130.062,4
2nYnAcwmnOe4zr4WVmIefC,"Song For The Thankful","Song For The Thankful","Avi Kaplan",2021-04-09,234799,41,95fvnclitpzdbgd83xcozdsk2,2024-11-29T00:19:04Z,"","Fantasy",0.504,0.235,5,-16.55,1,0.0271,0.828,0.00719,0.127,0.231,139.833,4
75S9EXVDrhRd340JOOruRu,"Bible Verses","Bible Verses","Blake Shelton",2021-04-23,217240,30,95fvnclitpzdbgd83xcozdsk2,2024-11-29T00:19:04Z,"classic oklahoma country,contemporary country,country,country road","Warner Music Nashville",0.62,0.363,3,-8.172,1,0.043,0.803,0.0000416,0.0879,0.194,75.973,4
40QsK5sgsBoB97XQJK62E2,"BROKE","BROKE","Justin Stone",2021-03-05,144374,12,95fvnclitpzdbgd83xcozdsk2,2024-11-29T00:19:04Z,"deep underground hip hop,indie pop rap","631155 Records DK2",0.704,0.46,10,-10.758,0,0.0523,0.173,0.00457,0.12,0.243,159.964,4
6aMfjO5aEiFFKn2UTtQRUd,"Body Language (feat. The Swon Brothers)","Body Language","Blake Shelton,The Swon Brothers",2021-05-21,169666,28,95fvnclitpzdbgd83xcozdsk2,2024-11-29T00:19:04Z,"classic oklahoma country,contemporary country,country,country road,country pop,modern country rock","Warner Music Nashville",0.574,0.745,5,-5.16,0,0.0244,0.00517,0,0.137,0.569,99.037,4
1CwNdecfsgoHAeEtz9vk88,"Never Gone","A Messenger","Colton Dixon",2013-01-01,214546,34,95fvnclitpzdbgd83xcozdsk2,2024-11-29T00:19:04Z,"ccm,christian alternative rock,christian music","Sparrow (SPR)",0.476,0.85,2,-2.284,1,0.0383,0.0177,0,0.0858,0.406,139.269,4
04MoJkJzCoU9ukeewv5Vzu,"Happy & Sad","Golden Hour","Kacey Musgraves",2018-03-30,243186,54,95fvnclitpzdbgd83xcozdsk2,2024-11-29T00:19:04Z,"classic texas country,contemporary country,country dawn","MCA Nashville",0.642,0.657,10,-5.246,1,0.0333,0.249,0,0.111,0.658,90,4
3yz88FVJQhwG2EqYHw3pkx,"invisible string","folklore","Taylor Swift",2020-07-24,252880,45,95fvnclitpzdbgd83xcozdsk2,2024-11-29T00:19:04Z,"pop","Taylor Swift",0.653,0.452,4,-11.143,0,0.055,0.838,0.0000773,0.108,0.45,83.433,4
0yj37OoPbIugQvIRPkB7MV,"Movin'","Movin'","David Archuleta",2021-07-29,158414,15,95fvnclitpzdbgd83xcozdsk2,2024-11-29T00:19:04Z,"idol,lds youth,post-teen pop","Archie Music LLC",0.843,0.744,9,-6.1,1,0.0679,0.313,0.0000123,0.0683,0.543,98.025,4
6NoTgpadvWX0qKEK6aJYsg,"I FEEL IT (with Burna Boy)","I FEEL IT (with Burna Boy)","Jon Bellion,Burna Boy",2021-08-26,224551,41,95fvnclitpzdbgd83xcozdsk2,2024-11-29T00:19:04Z,"indie pop rap,afrobeats,dancehall,nigerian hip hop,nigerian pop","Capitol Records",0.595,0.745,9,-5.059,1,0.0672,0.559,0.000798,0.0726,0.698,169.98,4
2TeLIzFBe3hxkPR5FIQZut,"Like I Can","In The Lonely Hour","Sam Smith",2014-05-26,167065,72,95fvnclitpzdbgd83xcozdsk2,2024-11-29T00:19:04Z,"pop,uk pop","PLG - Capitol",0.657,0.628,7,-6.627,0,0.0379,0.348,0.0000201,0.124,0.483,99.924,4
5EDtmgwR1lDmDGLZraNpJg,"Come Back as a Country Boy","Come Back As A Country Boy","Blake Shelton",2021-10-01,221693,46,95fvnclitpzdbgd83xcozdsk2,2024-11-29T00:19:04Z,"classic oklahoma country,contemporary country,country,country road","Warner Music Nashville",0.487,0.796,7,-3.9,0,0.0339,0.0197,0.000192,0.327,0.44,76.037,4
4QggQaKrsMctw0MvbShZKU,"Rainbow Veins","Bullet For My Valentine","Bullet For My Valentine",2021-11-05,298185,0,95fvnclitpzdbgd83xcozdsk2,2024-11-29T00:19:04Z,"alternative metal,nu metal,post-grunge,uk metalcore,welsh metal","Spinefarm Records UK",0.431,0.878,7,-5.877,1,0.0521,0.0000133,0.00207,0.086,0.449,141.792,4
2cbic3TiUENlJX91y67ARR,"Skinny Love","For Emma, Forever Ago","Bon Iver",2008-02-19,238520,1,95fvnclitpzdbgd83xcozdsk2,2024-11-29T00:19:04Z,"chamber pop,eau claire indie,indie folk,melancholia,modern rock","Jagjaguwar",0.593,0.263,4,-14.029,0,0.0567,0.844,0.00000536,0.127,0.109,76.379,4
7ACj7dL3puQu5xbaHkr3LL,"Dressed In Blue","Wild Blue (Complete)","Hunter Hayes",2021-10-22,188441,14,95fvnclitpzdbgd83xcozdsk2,2024-11-29T00:19:04Z,"contemporary country,country,country road,modern country rock","LP Entertainment",0.382,0.454,6,-9.641,0,0.0307,0.399,0,0.0922,0.216,93.823,4
0m3PD7JJmXRJSVYKlpWxB3,"Decode","Cole Rolland Remixes, Vol. 4","Cole Rolland,Lauren Babic",2020-10-09,257195,0,95fvnclitpzdbgd83xcozdsk2,2024-11-29T00:19:04Z,"canadian post-hardcore,hel","Cole Rolland Productions Inc.",0.349,0.773,9,-6.846,0,0.0407,0.0000212,0.794,0.233,0.216,81.974,4
4Rsw3rzFDFWjzInEj1RLvF,"One","One","Secondhand Serenade",2021-11-12,185389,26,95fvnclitpzdbgd83xcozdsk2,2024-11-29T00:19:04Z,"neon pop punk,piano rock,pixie,pop punk","Secondhand Serenade",0.438,0.642,0,-5.28,1,0.0282,0.0349,0.0000731,0.315,0.445,84.961,4
11waJHg7WAD9vf6KI2o2GP,"Adrenaline","The Stars Beneath My Feet (2004 - 2021)","James Blunt",2021-11-19,176760,37,95fvnclitpzdbgd83xcozdsk2,2024-11-29T00:19:04Z,"neo mellow","Atlantic Records UK",0.628,0.753,11,-6.717,1,0.0513,0.0697,0,0.121,0.473,95.961,4
6w8ZPYdnGajyfPddTWdthN,"Can I Get It","30","Adele",2021-11-19,210384,65,95fvnclitpzdbgd83xcozdsk2,2024-11-29T00:19:04Z,"british soul,pop,pop soul,uk pop","Columbia",0.703,0.68,9,-6.118,0,0.0431,0.0171,0,0.178,0.536,97.985,4
51A8eKvvZz9uydvIZ7xRSV,"Superstar (Taylor’s Version)","Fearless (Taylor's Version)","Taylor Swift",2021-04-09,263865,56,95fvnclitpzdbgd83xcozdsk2,2024-11-29T00:19:04Z,"pop","Taylor Swift",0.454,0.555,2,-6.69,1,0.0283,0.157,0,0.343,0.171,171.862,4
2rDwdvBma1O1eLzo29p2cr,"Whataya Want from Me","For Your Entertainment","Adam Lambert",2009-11-23,227320,59,95fvnclitpzdbgd83xcozdsk2,2024-11-29T00:19:04Z,"dance pop,idol,pop,post-teen pop","RCA Records Label",0.44,0.683,11,-4.732,0,0.0489,0.00706,0,0.0593,0.445,185.948,4
4WlxchxKQJ9y0Vlqaz8h66,"All Is Well (feat. Joy Williams)","All Is Well Feat. Joy Williams","Avi Kaplan,Joy Williams",2022-02-15,177720,47,95fvnclitpzdbgd83xcozdsk2,2024-11-29T00:19:04Z,"acoustic pop,christian indie,nashville americana,nashville singer-songwriter,new americana","Fantasy",0.38,0.23,1,-13.624,0,0.0327,0.852,0.0182,0.153,0.235,167.532,4
7rBgx1F0dcOai3Rd21CzcZ,"Half Alive","Half Alive","Amber Run",2022-02-18,215053,0,95fvnclitpzdbgd83xcozdsk2,2024-11-29T00:19:04Z,"indie anthem-folk","TRIPEL",0.358,0.715,11,-7.058,0,0.06,0.0736,0.21,0.0724,0.324,113.408,5
3g3NsGfIBocvzjZ7SdYcK9,"You Think You Know Somebody","Storyline","Hunter Hayes",2014-05-06,266520,25,95fvnclitpzdbgd83xcozdsk2,2024-11-29T00:19:04Z,"contemporary country,country,country road,modern country rock","Atlantic Nashville",0.444,0.804,8,-4.622,0,0.0609,0.0248,0,0.227,0.46,156.042,4
1amgKq1Tc5bRCEA37J0MgO,"Avalanche","Love Sux","Avril Lavigne",2022-02-25,219929,18,95fvnclitpzdbgd83xcozdsk2,2024-11-29T00:19:04Z,"canadian pop,candy pop,dance pop,pop","DTA Records",0.528,0.783,6,-4.952,1,0.0549,0.00272,0.000019,0.069,0.224,149.976,4
0FmfRErQFP13h77PKWCawW,"Bird in Flight","Birds That Flew and Ships That Sailed","Passenger",2022-04-08,175346,43,95fvnclitpzdbgd83xcozdsk2,2024-11-29T00:19:04Z,"folk-pop,neo mellow","Black Crow Records",0.508,0.463,5,-10.068,1,0.0379,0.217,0.00000338,0.0918,0.501,72.383,4
5zs2czX5d8B0zuQB7jiFct,"Catalonia","In Our Own Sweet Time","Vance Joy",2022-06-10,218306,45,95fvnclitpzdbgd83xcozdsk2,2024-11-29T00:19:04Z,"folk-pop,modern rock","Atlantic Records",0.399,0.801,4,-4.638,0,0.0544,0.32,0,0.308,0.696,199.792,4
35TyJIMR3xRouUuo2sjS6v,"Cinema","Harry's House","Harry Styles",2022-05-20,243507,66,95fvnclitpzdbgd83xcozdsk2,2024-11-29T00:19:04Z,"pop","Columbia",0.829,0.644,9,-7.696,0,0.0427,0.354,0.0511,0.0944,0.896,105.993,4
3t5xw7PRQo3XFQ6xRhKBem,"My Queen","Floating On A Dream","Avi Kaplan",2022-05-20,283693,25,95fvnclitpzdbgd83xcozdsk2,2024-11-29T00:19:04Z,"","Fantasy",0.19,0.281,6,-11.925,1,0.0315,0.782,0.000193,0.0973,0.0558,87.781,4
3hUxzQpSfdDqwM3ZTFQY0K,"august","folklore","Taylor Swift",2020-07-24,261922,83,95fvnclitpzdbgd83xcozdsk2,2024-11-29T00:19:04Z,"pop","Taylor Swift",0.532,0.623,5,-9.208,1,0.0331,0.538,0.0000728,0.0925,0.403,89.937,4
70IKvJRoif2dhZqOUc8QTg,"Strong for Someone Else","Strong for Someone Else","Tommy Vext",2022-06-03,221703,24,95fvnclitpzdbgd83xcozdsk2,2024-11-29T00:19:04Z,"","One A Records",0.262,0.602,4,-6.653,0,0.0416,0.61,0,0.0961,0.173,134.827,4
4UrJfkhKMg1GIIUh7KHWqJ,"Far From My Homeland","Far From My Homeland","Taco",2021-12-17,273502,1,95fvnclitpzdbgd83xcozdsk2,2024-11-29T00:19:04Z,"","Aviator-Entertainment",0.525,0.428,3,-14.18,1,0.0385,0.704,0.488,0.0942,0.349,97.994,4
6ZWIIawlXC4O3z9yEuJvDo,"End of Beginning","DECIDE","Djo",2022-09-16,159245,0,95fvnclitpzdbgd83xcozdsk2,2024-11-29T00:19:04Z,"pov: indie,psychedelic pop","Djo",0.689,0.453,2,-7.64,1,0.0543,0.0313,0.00405,0.0698,0.915,159.987,4
3g1eNWbZoDqQLD7mA2dZHm,"More Than Whiskey Does","This Is the Heavy","Mitchell Tenpenny",2022-09-16,199546,36,95fvnclitpzdbgd83xcozdsk2,2024-11-29T00:19:04Z,"contemporary country,country road,heartland rock,modern country rock","Riser House Entertainment/Columbia Nashville",0.686,0.768,11,-5.611,1,0.0437,0.0466,0,0.0748,0.315,89.986,4
1cluc53iiE3ZmkL5SX9oFi,"Only You","Halcyon Days","Ellie Goulding",2013-01-01,230888,26,95fvnclitpzdbgd83xcozdsk2,2024-11-29T00:19:04Z,"indietronica,metropopolis,pop,uk pop","Polydor Records",0.565,0.746,5,-4.694,0,0.0333,0.0193,0,0.588,0.661,98.971,4
0Y3JsDJo1xJz86KLnEJnwT,"Lying On The Hood Of Your Car","Lying On The Hood Of Your Car","Andrew McMahon in the Wilderness",2023-01-11,213252,15,95fvnclitpzdbgd83xcozdsk2,2024-11-29T00:19:04Z,"hopebeat,indie poptimism,piano rock","Nettwerk Music Group",0.529,0.757,0,-6.299,0,0.0537,0.00316,0.0000015,0.227,0.622,76.505,4
1MDcQnYRod8hp8uDBIhwcX,"My Dear","Matty Mullins","Matty Mullins",2014-09-19,264625,0,95fvnclitpzdbgd83xcozdsk2,2024-11-29T00:19:04Z,"post-screamo","Rise Records",0.394,0.88,0,-1.395,1,0.047,0.0321,0,0.349,0.212,97.472,4
0mL3oQwd5ZoLDpdoVuzrbg,"Perfect (feat. Jessie Reyez)","Gloria","Sam Smith,Jessie Reyez",2023-01-27,231592,42,95fvnclitpzdbgd83xcozdsk2,2024-11-29T00:19:04Z,"pop,uk pop,canadian contemporary r&b,canadian pop","Capitol Records UK / EMI",0.546,0.291,5,-8.883,1,0.0295,0.213,0.00175,0.243,0.137,95.018,4
29XiOFj6yTnutq3hSjwv88,"NIGHT RIDER","SMITHEREENS","Joji",2022-11-04,127986,30,95fvnclitpzdbgd83xcozdsk2,2024-11-29T00:19:04Z,"viral pop","88rising Music/Warner Records",0.78,0.749,8,-6.779,1,0.107,0.629,0.942,0.109,0.0398,85.007,4
0V3wPSX9ygBnCm8psDIegu,"Anti-Hero","Midnights","Taylor Swift",2022-10-21,200690,81,95fvnclitpzdbgd83xcozdsk2,2024-11-29T00:19:04Z,"pop","Taylor Swift",0.633,0.648,4,-6.645,1,0.062,0.121,0.00000262,0.161,0.49,96.888,4
09p9Hb4mag0Ndmn7OtijfW,"Friend","Friend","Hunter Hayes",2022-10-21,215561,33,95fvnclitpzdbgd83xcozdsk2,2024-11-29T00:19:04Z,"contemporary country,country,country road,modern country rock","LP Entertainment",0.306,0.304,8,-9.589,0,0.0447,0.696,0.000575,0.116,0.326,82.227,4
0zBVDqWsRGaNkcwxM60kfQ,"VHS","VHS","Andrew McMahon in the Wilderness",2022-11-16,191897,13,95fvnclitpzdbgd83xcozdsk2,2024-11-29T00:19:04Z,"hopebeat,indie poptimism,piano rock","Nettwerk Music Group",0.543,0.735,11,-6.764,1,0.172,0.00785,0.000104,0.373,0.499,92.588,4
7gf2afVDBCTfyth7a3V1Hk,"Cold","Threads","temposhark",2010-04-05,273886,3,95fvnclitpzdbgd83xcozdsk2,2024-11-29T00:19:04Z,"","Paper & Glue Ltd",0.535,0.794,2,-4.966,0,0.0336,0.0011,0,0.0519,0.157,126.996,4
3mR75olK1l5l8gx3Rz2T7D,"Built to Last","Built to Last","Andrew McMahon in the Wilderness",2022-12-23,215392,9,95fvnclitpzdbgd83xcozdsk2,2024-11-29T00:19:04Z,"hopebeat,indie poptimism,piano rock","Nettwerk Music Group",0.335,0.352,8,-10.266,1,0.0422,0.245,0.00208,0.118,0.0391,78.428,1
5kiZGSxgqPdv6rbqL9THdd,"High Infidelity","Midnights (3am Edition)","Taylor Swift",2022-10-22,231475,62,95fvnclitpzdbgd83xcozdsk2,2024-11-29T00:19:04Z,"pop","Taylor Swift",0.571,0.547,10,-10.141,1,0.101,0.704,0,0.0877,0.768,175.933,4
3QNzzHDUa14Z39zsssSVps,"A NEW SOCIETY","TZIA","MEG MYERS",2023-03-24,222466,23,95fvnclitpzdbgd83xcozdsk2,2024-11-29T00:19:04Z,"dark pop,shimmer pop","Sumerian Records",0.633,0.83,11,-5.295,0,0.0965,0.0335,0.00000263,0.171,0.408,82.547,4
28a0aMV1OKoyNiCJuNsWrY,"That’s Not How This Works (feat. Dan + Shay)","That’s Not How This Works (feat. Dan + Shay)","Charlie Puth,Dan + Shay",2023-03-31,165619,59,95fvnclitpzdbgd83xcozdsk2,2024-11-29T00:19:04Z,"pop,viral pop,contemporary country,country,country road","Atlantic Records",0.584,0.576,9,-4.557,1,0.0519,0.507,0,0.212,0.432,170.026,4
1cf92Y99d8eC2LvrEV7hZX,"Submarine","Tilt At The Wind No More","Andrew McMahon in the Wilderness",2023-03-31,201989,24,95fvnclitpzdbgd83xcozdsk2,2024-11-29T00:19:04Z,"hopebeat,indie poptimism,piano rock","Nettwerk Music Group",0.572,0.594,0,-5.993,1,0.0575,0.0156,0,0.141,0.34,117.73,4
3BYwkfOGiHUG8QCS4CeR4e,"Push","Nick Jonas X2","Nick Jonas",2015-11-20,212413,3,95fvnclitpzdbgd83xcozdsk2,2024-11-29T00:19:04Z,"dance pop,pop","Safehouse Records / Island Records",0.523,0.485,6,-8.852,0,0.0709,0.546,0.0000108,0.146,0.0911,81.02,4
4Mn0ZD8Pb4xAZgHLtRLM9I,"4 EVER 4 ME","HOLY FVCK","Demi Lovato",2022-08-19,226051,42,95fvnclitpzdbgd83xcozdsk2,2024-11-29T00:19:04Z,"pop,post-teen pop","Island Records",0.251,0.793,7,-4.346,1,0.0428,0.0145,0.00000327,0.172,0.198,164.847,3
0RknAoCUo87dCF1RuRqin1,"All I Need Is You","Gag Order","Kesha",2023-05-19,181200,10,95fvnclitpzdbgd83xcozdsk2,2024-11-29T00:19:04Z,"dance pop,pop","Kemosabe Records/RCA Records",0.32,0.232,1,-10.105,0,0.0388,0.909,0.000154,0.197,0.224,66.004,4
3KhUUinfojt0DbzvXwfxW8,"Twenty-Four (Tyler Joseph from Twenty One Pilots Version)","The Beautiful Letdown (Our Version) [Deluxe Edition]","Switchfoot,Twenty One Pilots",2023-09-15,282000,47,95fvnclitpzdbgd83xcozdsk2,2024-11-29T00:19:04Z,"ccm,christian alternative rock,christian music,modern rock,pop,pov: indie,rock","lowercase people records",0.274,0.599,7,-7.063,1,0.0492,0.598,0.0000496,0.107,0.37,161.897,3
4doWwLlmUEinCUlJHSWQhh,"goodbye","chemistry (Deluxe)","Kelly Clarkson",2023-09-22,196992,29,95fvnclitpzdbgd83xcozdsk2,2024-11-29T00:19:04Z,"dance pop,pop,talent show","Atlantic Records",0.555,0.803,7,-5.978,0,0.0446,0.128,0.00112,0.0872,0.542,156.161,4
4EIMoM4A7D1EzHui1Y4Tlo,"Guardian","Havoc and Bright Lights","Alanis Morissette",2012-08-22,258040,38,95fvnclitpzdbgd83xcozdsk2,2024-11-29T00:19:04Z,"canadian pop,canadian singer-songwriter,lilith,neo mellow,pop rock,singer-songwriter","Epiphany Music",0.381,0.834,10,-6.326,1,0.0401,0.00187,0.00197,0.257,0.494,179.669,4
0pQoXJI5v3Nb9Nv2sr7Llk,"She Don’t Know","Denim & Rhinestones","Carrie Underwood",2022-06-10,209106,33,95fvnclitpzdbgd83xcozdsk2,2024-11-29T00:19:04Z,"classic oklahoma country,contemporary country,country,country dawn,dance pop,pop","Capitol Nashville",0.57,0.833,1,-5.267,0,0.0407,0.275,0.00000256,0.0845,0.688,90.98,4
1GP8VW5Wk2w2obkWjGCGXd,"So High School","THE TORTURED POETS DEPARTMENT: THE ANTHOLOGY","Taylor Swift",2024-04-19,228800,70,95fvnclitpzdbgd83xcozdsk2,2024-11-29T00:19:04Z,"pop","Taylor Swift",0.366,0.866,7,-4.514,1,0.0466,0.0274,0.00000307,0.106,0.293,176.07,4
0WNKKSvQmWcdoI7MvYtcqh,"The Earth is a Very Small Dot","The Earth is a Very Small Dot","Matt Maltese",2023-09-22,236100,43,95fvnclitpzdbgd83xcozdsk2,2024-11-29T00:19:04Z,"indie anthem-folk,indie pop,pov: indie","Nettwerk Music Group",0.467,0.606,5,-6.017,0,0.0258,0.865,0.52,0.107,0.305,148.905,4
0KJWZbtuvIdjal4URuxuPX,"Carsick","MONO","K.Flay",2023-09-15,164693,35,95fvnclitpzdbgd83xcozdsk2,2024-11-29T00:19:04Z,"escape room,hip pop,modern alternative rock","Giant Music",0.454,0.79,9,-5.107,1,0.0647,0.00854,0.0000294,0.141,0.253,171.924,4
2D5RfTwCUTRfUsjWyPhPLc,"The Prophecy","THE TORTURED POETS DEPARTMENT: THE ANTHOLOGY","Taylor Swift",2024-04-19,249807,49,95fvnclitpzdbgd83xcozdsk2,2024-11-29T00:19:04Z,"pop","Taylor Swift",0.421,0.525,10,-10.359,1,0.0472,0.825,0.00000267,0.308,0.535,167.927,4
3lBO1ZuelfLTtkYfc1t7PO,"Rather Be Lonely","Rather Be Lonely","David Archuleta",2024-07-19,164558,34,95fvnclitpzdbgd83xcozdsk2,2024-11-29T00:19:04Z,"idol,lds youth,post-teen pop","Archie Music LLC",0.425,0.194,11,-8.109,1,0.0426,0.857,0,0.109,0.39,169.407,3
7vDQTijnE1DxiEo4ptdgku,"Confetti And Roses - Bonus Track","Who We Used To Be (Deluxe)","James Blunt",2023-10-27,223266,34,95fvnclitpzdbgd83xcozdsk2,2024-11-29T00:19:04Z,"neo mellow","Atlantic Records UK",0.503,0.291,9,-7.653,1,0.0319,0.804,0,0.11,0.36,81.704,4
6snlO0ZUbyabEzie1i0BGo,"Unapologetic","Into the Wild Life (Deluxe)","Halestorm",2015-04-10,247720,31,95fvnclitpzdbgd83xcozdsk2,2024-11-29T00:19:04Z,"alternative metal,nu metal,post-grunge","Atlantic Records",0.407,0.814,1,-2.248,0,0.0415,0.0215,0.0000219,0.347,0.491,176.108,4
3yiWPBLBnbcJbaewbH6QcH,"Keep Fighting","Innova","Fireflight",2015-05-05,247919,29,95fvnclitpzdbgd83xcozdsk2,2024-11-29T00:19:04Z,"christian alternative rock,christian rock,pixie,pop emo","Keep It Loud",0.59,0.781,7,-6.209,0,0.0355,0.0171,0.145,0.103,0.533,110.001,4
5lkBW1DMSQAZ6T2C1Ugwml,"Island","For a Moment, I Was Lost","Amber Run",2017-02-10,234720,0,95fvnclitpzdbgd83xcozdsk2,2024-11-29T00:19:04Z,"indie anthem-folk","Dine Alone Music Inc.",0.313,0.562,9,-7.025,1,0.0428,0.00383,0.00612,0.0919,0.301,169.823,4
22uzF19LxQW87kOVkR79Fq,"Another's Arms","Ghost Stories","Coldplay",2014-05-16,234413,49,95fvnclitpzdbgd83xcozdsk2,2024-11-29T00:19:04Z,"permanent wave,pop","Parlophone UK",0.516,0.572,8,-9.037,1,0.0291,0.00715,0.254,0.139,0.351,160.023,4
22o6BsXxHAl3h15mHp4Jtk,"Singing Low","Through the Years: The Best of The Fray","The Fray",2016-11-04,263724,26,95fvnclitpzdbgd83xcozdsk2,2024-11-29T00:19:04Z,"neo mellow,piano rock,pop,pop rock","Epic",0.527,0.593,7,-4.981,0,0.0257,0.413,0.000182,0.11,0.283,90.167,4
6lrXObYHSoKkuNqDnonC5f,"Hello Sweet World","Yes / No / Grey.","Gangs of Ballet",2013-08-22,253029,16,95fvnclitpzdbgd83xcozdsk2,2024-11-29T00:19:04Z,"african rock,south african pop,south african rock","Gangs of Ballet",0.408,0.636,6,-6.232,1,0.0301,0.00398,0.00000556,0.106,0.195,146.047,4
1Hl2Wg84MNc3qrmt0c7EFW,"Little Black Death","Take Me To The Disco","MEG MYERS",2018-07-20,242386,27,95fvnclitpzdbgd83xcozdsk2,2024-11-29T00:19:04Z,"dark pop,shimmer pop","300 Entertainment",0.559,0.839,9,-5.218,0,0.0811,0.324,0.00539,0.0819,0.354,91.001,4
6k9nsVCSf6QO1WnFsCsmVf,"Dear God","Wild Blue, Part I","Hunter Hayes",2019-08-16,175173,41,95fvnclitpzdbgd83xcozdsk2,2024-11-29T00:19:04Z,"contemporary country,country,country road,modern country rock","LP Entertainment",0.647,0.68,8,-6.697,0,0.0496,0.0834,0,0.18,0.592,119.925,4
2B2BdqcLRuZkommM9I43lZ,"Terrible Thing","Terrible Thing","AG",2019-03-05,217680,0,95fvnclitpzdbgd83xcozdsk2,2024-11-29T00:19:04Z,"","Secret Process",0.418,0.505,4,-6.004,0,0.0329,0.00989,0.133,0.156,0.359,176.919,4
6IMN3eVNepv7YwaH56wnwF,"Electric Woman","Electric Woman","Wilder Woods",2019-07-12,177946,0,95fvnclitpzdbgd83xcozdsk2,2024-11-29T00:19:04Z,"acoustic pop,indiecoustica","Atlantic Records",0.662,0.738,3,-5.209,0,0.0419,0.139,0.000395,0.0693,0.427,92.059,4
5RdkyZw1KQ1v0EbquUAsx2,"Dead Horse","Petals For Armor","Hayley Williams",2020-05-08,199412,46,95fvnclitpzdbgd83xcozdsk2,2024-11-29T00:19:04Z,"art pop","Atlantic Records",0.737,0.787,7,-4.587,1,0.0525,0.121,0.00000214,0.114,0.59,90.014,4
6pPaHHik5eD0V1SxY1UEaY,"Ain't Feeling Sorry","Shades of Blue","Danny Worsnop",2019-05-10,217000,0,95fvnclitpzdbgd83xcozdsk2,2024-11-29T00:19:04Z,"","Sumerian Records",0.568,0.786,7,-4.991,1,0.0319,0.0114,0.00000408,0.337,0.522,81.968,4
1lr2XPCnSIaRSwj4GuxEyp,"Any Way You Wanna Love","Any Way You Wanna Love","MEG MYERS",2020-09-30,211827,0,95fvnclitpzdbgd83xcozdsk2,2024-11-29T00:19:04Z,"dark pop,shimmer pop","Sumerian Records",0.703,0.828,0,-5.272,1,0.0366,0.123,0.0000234,0.23,0.185,112.009,4
2xSG7eUig7eIEf9VpmPjkP,"Murderer","Murderer","JT Roach",2020-10-23,171265,12,95fvnclitpzdbgd83xcozdsk2,2024-11-29T00:19:04Z,"","JT Roach",0.564,0.24,10,-12.934,1,0.036,0.911,0.00351,0.102,0.338,157.682,4
6cWSuPDQT56oPVqWSsNSee,"Diamond In The Dark","C’MON YOU KNOW (Deluxe Edition)","Liam Gallagher",2022-05-27,204543,42,95fvnclitpzdbgd83xcozdsk2,2024-11-29T00:19:04Z,"britpop,britpop revival,solo wave","Warner Records",0.578,0.801,6,-4.801,0,0.062,0.0227,0,0.196,0.396,93.048,4
6qj02zSeEJGWZ4c0dn5QzJ,"Boyfriends","Harry's House","Harry Styles",2022-05-20,194543,63,95fvnclitpzdbgd83xcozdsk2,2024-11-29T00:19:04Z,"pop","Columbia",0.417,0.202,0,-10.976,1,0.0357,0.935,0,0.108,0.323,118.029,4
3nIWisYVjhQOZkvDrntXEy,"Higher","Higher","LOLO",2023-09-29,165652,26,95fvnclitpzdbgd83xcozdsk2,2024-11-29T00:19:04Z,"","No Reverse Records, LLC",0.383,0.782,11,-3.569,1,0.051,0.000923,0,0.115,0.489,183.74,4
71BqAINEnezjQfxE4VuJfq,"Slut! (Taylor's Version) (From The Vault)","1989 (Taylor's Version)","Taylor Swift",2023-10-26,180381,75,95fvnclitpzdbgd83xcozdsk2,2024-11-29T00:19:04Z,"pop","Taylor Swift",0.621,0.415,2,-13.187,1,0.0543,0.33,0.000112,0.0634,0.313,77.978,4
0IdwfnHFfyb7zc7GFs75QQ,"Hammer to the Heart","I've Tried Everything But Therapy (Part 1.5)","Teddy Swims",2024-04-26,192317,75,95fvnclitpzdbgd83xcozdsk2,2024-11-29T00:19:04Z,"","Warner Records",0.619,0.61,6,-5.552,0,0.0298,0.0508,0,0.0658,0.6,107.941,4
0lvgvzCHvxyzQmmLsnYjLU,"Uncanny Valley","Feel Alright","Avi Kaplan",2024-04-12,276026,30,95fvnclitpzdbgd83xcozdsk2,2024-11-29T00:19:04Z,"","Fantasy",0.578,0.459,2,-9.389,0,0.042,0.683,0.934,0.102,0.314,144.007,4
6khKJVbTxzfhbGfHMtyOM8,"S P E Y S I D E","S P E Y S I D E","Bon Iver",2024-09-20,209077,71,95fvnclitpzdbgd83xcozdsk2,2024-11-29T00:19:04Z,"chamber pop,eau claire indie,indie folk,melancholia,modern rock","Jagjaguwar",0.467,0.247,7,-14.161,1,0.0314,0.906,0.0157,0.157,0.258,140.232,4
46zJ3FTTeK48LESza15wbQ,"Forever Now","love (Deluxe Edition)","Michael Bublé",2018-11-16,220248,52,95fvnclitpzdbgd83xcozdsk2,2024-11-29T00:19:04Z,"adult standards,canadian pop,jazz pop,lounge","Reprise",0.477,0.377,2,-6.054,1,0.032,0.836,0,0.117,0.453,131.593,4
